claim_id,claim,scope,maturity,theorem_or_lemma,proof_or_source,checker_or_implementation,tests,raw_evidence,paper_location,limitation,final_recheck
C1,"A valid BFIL-1 document and fixed variant determine a canonical normalized IR, ground program, and coverage ledger.",valid BFIL-1 within declared source/ground bounds,proved; finite-checked,Canonical lowering lemma,docs/model-and-proofs.md §§2-3,pcpe/source_model.py; pcpe/lowering.py,tests/test_framework.py,results/framework-replay/generated-revisions.csv,Main §§3-4; Supplement §§2-3,Relative to BFIL-1; parser/type model is trusted,2026-10-06: 75 tests passed normal/optimized; source campaign rerun and reconciled; historical ground rows reconciled but not rerun; offline manuscript/provenance audit passed
C2,The direct BFIL-1 least fixed point equals the non-activation projection of the lowered ground least model for each completion.,full analysis variant; independent positive opaque completions,proved; permission projections measured on 300 endpoints and 528 direct completions,Direct/lowering equivalence theorem,docs/model-and-proofs.md §4,pcpe/source_oracle.py; pcpe/lowering.py,tests/test_framework.py,results/framework-replay/generated-revisions.csv; generated-revisions.csv,Main §4; Supplement §4,Direct interpreter shares BFIL-1 semantic definitions but consumes no producer rules,2026-10-06: 75 tests passed normal/optimized; source campaign rerun and reconciled; historical ground rows reconciled but not rerun; offline manuscript/provenance audit passed
C3,An accepted ordinary certificate lists exactly the least model and exact query projection.,finite positive ground Horn programs,proved; exhaustive finite-checked,Ground exactness theorem,docs/model-and-proofs.md §5,pcpe/checker.py; pcpe/producer.py,tests/test_kernel.py,results/observed/exhaustive-*.csv,Main §4; Supplement §5,Handwritten theorem; no proof assistant,2026-10-06: 75 tests passed normal/optimized; source campaign rerun and reconciled; historical ground rows reconciled but not rerun; offline manuscript/provenance audit passed
C4,Accepted endpoint evidence exactly matches the checker reconstruction of every BFIL-1 source obligation.,complete BFIL-1 source document,proved; fault-checked,Source coverage theorem,docs/model-and-proofs.md §6,pcpe/source_checker.py; pcpe/evidence.py,tests/test_framework.py,results/framework-replay/fault-fixtures.csv; generated-revisions.csv,Main §4; Supplement §6,Producer/checker share parser/type model; not Java coverage,2026-10-06: 75 tests passed normal/optimized; source campaign rerun and reconciled; historical ground rows reconciled but not rerun; offline manuscript/provenance audit passed
C5,Lower and upper models are respectively the intersection and union of all independent positive opaque completions.,independent positive opaque-site choices,proved; all direct completion permission sets enumerated,Endpoint-envelope theorem,docs/model-and-proofs.md §7,pcpe/source_oracle.py; pcpe/lowering.py,tests/test_framework.py,results/framework-replay/generated-revisions.csv; summary.json,"Main §§4,6; Supplement §7","Fails for correlated, negative, or stateful choices",2026-10-06: 75 tests passed normal/optimized; source campaign rerun and reconciled; historical ground rows reconciled but not rerun; offline manuscript/provenance audit passed
C6,The three-way permission classification is exact for the declared completion family.,same as C5,proved; measured,Classification corollary,docs/model-and-proofs.md §7,pcpe/evidence.py; pcpe/source_checker.py,tests/test_framework.py,results/framework-replay/generated-revisions.csv,"Main §§4,6; Supplement §7",No claim for undeclared source behavior,2026-10-06: 75 tests passed normal/optimized; source campaign rerun and reconciled; historical ground rows reconciled but not rerun; offline manuscript/provenance audit passed
C7,Accepted weighted evidence gives the minimum opaque trigger occurrences in a derivation tree.,upper ground program; occurrence cost,proved; finite-checked,Minimum-occurrence theorem,docs/model-and-proofs.md §8,pcpe/weighted.py; pcpe/weighted_checker.py,tests/test_framework.py,results/framework-replay/generated-revisions.csv; summary.json,Main §4; Supplement §8,"Counts repeated trigger-rule occurrences, not distinct sites",2026-10-06: 75 tests passed normal/optimized; source campaign rerun and reconciled; historical ground rows reconciled but not rerun; offline manuscript/provenance audit passed
C8,Each returned distinct-site set enables the query and is inclusion-minimal.,monotone independent positive sites,proved; finite-checked,Core minimality proposition,docs/model-and-proofs.md §9,pcpe/evidence.py; pcpe/source_checker.py,tests/test_framework.py,results/framework-replay/generated-revisions.csv; summary.json,Main §4; Supplement §9,Not unique or minimum cardinality,2026-10-06: 75 tests passed normal/optimized; source campaign rerun and reconciled; historical ground rows reconciled but not rerun; offline manuscript/provenance audit passed
C9,Revision transport cannot change the accepted revised semantics because complete reconstruction and closure follow replay.,stable named records; full revised BFIL source available,proved; measured,Transport safety theorem,docs/model-and-proofs.md §10,pcpe/source_revision.py; pcpe/source_checker.py,tests/test_framework.py,results/framework-replay/generated-revisions.csv; summary.json,"Main §§4,6; Supplement §10",No checker speedup or maximal-reuse claim,2026-10-06: 75 tests passed normal/optimized; source campaign rerun and reconciled; historical ground rows reconciled but not rerun; offline manuscript/provenance audit passed
C10,Witness-only replay can accept a semantically incomplete revised mapping.,finite ground kernel,counterexample; exhaustive finite-checked,Stale-witness proposition,docs/model-and-proofs.md §10,pcpe/revision.py,tests/test_kernel.py,results/observed/revision-pairs.csv,"Main §§1,5; Supplement §10",Ground counterexample; motivates but does not prove Java prevalence,2026-10-06: 75 tests passed normal/optimized; source campaign rerun and reconciled; historical ground rows reconciled but not rerun; offline manuscript/provenance audit passed
C11,The full BFIL-1 permission projection agrees with the direct interpreter on all 300 generated revised documents.,prespecified designed revision suite,measured exact census,n/a,docs/protocol.md,run_framework_campaign.py,tests/test_framework.py,results/framework-replay/generated-revisions.csv; summary.json,Main §6; Supplement §12,"Designed proof-obligation cases, not a statistical sample",2026-10-06: 75 tests passed normal/optimized; source campaign rerun and reconciled; historical ground rows reconciled but not rerun; offline manuscript/provenance audit passed
C12,The generated suite contains 150 permission-preserving and 150 permission-changing revisions; conservative replay is already exact on 99 and completion is required on 201.,same suite,measured,n/a,docs/protocol.md,pcpe/framework_cases.py; pcpe/source_revision.py,tests/test_framework.py,results/framework-replay/summary.json,Main §6; Supplement §12,Exact only for the frozen generator,2026-10-06: 75 tests passed normal/optimized; source campaign rerun and reconciled; historical ground rows reconciled but not rerun; offline manuscript/provenance audit passed
C13,Field-insensitive and context-insensitive variants are exact on 200/300 cases; CHA is exact on 0/300.,designed separator suite,measured ablation,n/a,docs/protocol.md,pcpe/lowering.py analysis variants,tests/test_framework.py,results/framework-replay/baseline-results.csv; summary.json,Main §6; Supplement §12,Not implementations or estimates of production analyzers,2026-10-06: 75 tests passed normal/optimized; source campaign rerun and reconciled; historical ground rows reconciled but not rerun; offline manuscript/provenance audit passed
C14,All 24 prespecified source/evidence faults are rejected at their expected first stage.,owned BFIL/evidence mutations,measured,n/a,docs/protocol.md,make_framework_fixtures.py; pcpe/source_checker.py,tests/test_framework.py,results/framework-replay/fault-fixtures.csv,Main §6; Supplement §13,Fault completeness is not claimed,2026-10-06: 75 tests passed normal/optimized; source campaign rerun and reconciled; historical ground rows reconciled but not rerun; offline manuscript/provenance audit passed
C15,"The 12 public records preserve immutable AOSP tag/path/line provenance, file blob identities, exact excerpt digests, and lexical permission primitives.",listed excerpts at tag android-14.0.0_r1,source-verified,n/a,inputs/public-slices/*.json; public_source_audit.csv,make_public_slices.py; pcpe/public_slice.py; audit_manuscript.py,tests/test_framework.py,results/framework-replay/public-slices.csv,Main §6; Supplement §14,"No whole-method, Java-frontend, call-graph, or Android-completeness claim",2026-10-06: 75 tests passed normal/optimized; source campaign rerun and reconciled; historical ground rows reconciled but not rerun; offline manuscript/provenance audit passed
C16,"The four-atom ground suite covers 33,296 programs and 532,736 representative candidate certificates with zero oracle disagreement.",all four-atom fact sets and theories with <=2 distinct rules,exhaustive finite-checked,n/a,docs/protocol.md,reproduce.py,tests/test_kernel.py,results/observed/exhaustive-*.csv; summary.json,Main §6; Supplement §15,"Finite bounded enumeration, not general mechanization",2026-10-06: 75 tests passed normal/optimized; source campaign rerun and reconciled; historical ground rows reconciled but not rerun; offline manuscript/provenance audit passed
C17,"The ground revision suite includes 65,016 pairs; witness-only replay falsely accepts 9,930 changed models.",frozen three-atom revision space,exhaustive finite-checked,n/a,docs/protocol.md,reproduce.py; pcpe/revision.py,tests/test_kernel.py,results/observed/revision-pairs.csv,Main §6; Supplement §15,Ground model only,2026-10-06: 75 tests passed normal/optimized; source campaign rerun and reconciled; historical ground rows reconciled but not rerun; offline manuscript/provenance audit passed
C18,"The current 336-case replay used one Windows worker, 51.578 CPU seconds, 54.328 wall seconds, and 46.73 MiB peak working set.",recorded process on this environment,measured,n/a,docs/protocol.md,run_framework_campaign.py,tests/test_framework.py,results/framework-replay/summary.json,Main §6; Supplement §16,Descriptive process measurement; not comparative performance,2026-10-06: 75 tests passed normal/optimized; source campaign rerun and reconciled; historical ground rows reconciled but not rerun; offline manuscript/provenance audit passed
C19,"Generated tables, manuscript numeric macros, the 68-entry reference inventory, and 12 public-source records reconcile with retained evidence.",retained raw outputs and exporter,measured/reconciled,n/a,docs/reproduction.md,export_paper_data.py; reconcile*.py; compare*_results.py; audit_manuscript.py,tests/test_framework.py; tests/test_kernel.py,results/framework-replay/summary.json; paper/data/metrics.json; reference_audit.csv; public_source_audit.csv,Main and Supplement tables,Successful reconciliation does not establish external validity,2026-10-06: 75 tests passed normal/optimized; source campaign rerun and reconciled; historical ground rows reconciled but not rerun; offline manuscript/provenance audit passed
N1,No accepted result establishes a Java/Android/native/reflection/lifecycle-complete extractor.,all work,explicit nonclaim,n/a,docs/model-and-proofs.md §11,n/a,n/a,inputs/public-slices/*.json,Abstract; Main §§7-8; Supplement §18,Production frontend remains future work,2026-10-06: 75 tests passed normal/optimized; source campaign rerun and reconciled; historical ground rows reconciled but not rerun; offline manuscript/provenance audit passed
