name,scholarly_or_official_url,license,access_date,resource_type,acquisition_method,integration_mode,supported_claim,internals_modified
AOSP platform_frameworks_base tag and retained excerpts,https://github.com/aosp-mirror/platform_frameworks_base/tree/android-14.0.0_r1,Apache License 2.0,2026-09-17,public source code,GitHub immutable tag/path/line retrieval,exact excerpt and provenance records; separate owned BFIL projections,Line-bounded lexical permission primitives and provenance,no
Bartel et al. Android permission extraction,https://doi.org/10.1109/TSE.2014.2322867,publisher record; author manuscript not redistributed,2026-09-17,scholarly article,full author text and primary metadata inspected,citation only,"Historical framework-analysis result, assumptions, and source-to-question connection",no
Verifying Datalog Reasoning with Lean,https://doi.org/10.4230/LIPIcs.ITP.2025.36,CC BY 4.0 article; no copy packaged,2026-09-17,scholarly article,full open text and publisher metadata inspected,citation only; implementation not executed,Closest formal proof-tree/DAG and model checker result,no
Incremental Abstraction-Carrying Code,https://doi.org/10.1007/11916277_26,publisher/author text; no copy packaged,2026-09-17,scholarly article,full author text and publisher metadata inspected,citation only; implementation not executed,Prior incremental certificate and dependency-aware checking,no
Incremental Whole-Program Analysis in Datalog with Lattices,https://doi.org/10.1145/3453483.3454026,publisher record; no copy packaged,2026-09-17,scholarly article,primary metadata and available paper text inspected,citation only,Prior incremental Datalog analysis,no
Efficient Summary Reuse for Software Regression Verification,https://doi.org/10.1109/TSE.2020.3021477,publisher record; no copy packaged,2026-09-17,scholarly article,primary metadata and abstract inspected,citation only,Prior regression summary reuse and empirical scale,no
Call Graph Soundness in Android Static Analysis,https://arxiv.org/abs/2407.07804,preprint; no copy packaged,2026-09-17,scholarly article,full accessible preprint/metadata inspected,citation only,Motivation for explicit source/frontend boundaries,no
Resolving Conditional Implicit Calls to Improve Static and Dynamic Analysis in Android Apps,https://doi.org/10.1145/3729168,publisher record; no copy packaged,2026-09-17,scholarly article,primary metadata and accessible text inspected,citation only,Recent conditional-call/source omission motivation,no
NatiDroid cross-language permission specification,https://doi.org/10.1145/3540250.3549142,publisher record; no copy packaged,2026-09-17,scholarly article,primary metadata and accessible paper text inspected,citation only,Production cross-language comparison boundary,no
Runtime Permission Issues in Android Apps,https://doi.org/10.1109/TSE.2022.3148258,publisher record; no copy packaged,2026-09-17,scholarly article,full accessible text and metadata inspected,citation only,TSE empirical-evidence calibration,no
Android Custom Permissions Demystified,https://doi.org/10.1109/TSE.2021.3119980,publisher record; no copy packaged,2026-09-17,scholarly article,publisher abstract/metadata inspected,citation only,TSE fault/evaluation calibration,no
IEEE Computer Society TSE author information,https://www.computer.org/csdl/journal/ts/write-for-us/15090,publisher website,2026-09-17,official workflow source,first-party author page inspected,workflow evidence only,Journal scope and manuscript preparation route,no
IEEE Computer Society manuscript preparation and length information,https://www.computer.org/publications/author-resources/peer-review/magazines,publisher website,2026-09-17,official workflow source,first-party guidance inspected,workflow evidence only,Regular Transactions formatted-page and overlength guidance; recheck before external use,no
IEEE journal AI-generated content policy,https://journals.ieeeauthorcenter.ieee.org/become-an-ieee-journal-author/publishing-ethics/guidelines-and-policies/submission-and-peer-review-policies/,publisher website,2026-09-17,official workflow source,first-party policy inspected,workflow evidence only,"Required identification of system, affected content, and extent before external use",no
Supplied IEEEtran class and IEEEtranS style,https://template-selector.ieee.org/,LPPL notices embedded in supplied files,2026-09-17,user-supplied publisher template assets,matched template archive inspected locally,unmodified files in paper/ only,IEEE journal layout family,no
Manuscript reference verification inventory,local:reference_audit.csv,metadata only; no papers redistributed,2026-09-17,bibliographic audit record,"canonical DOI, publisher, proceedings, or DBLP metadata checked per row",68-row local inventory; citation only,"Bibliography identity, persistent identifier, relevance role, and access traceability",no
AOSP source-provenance audit inventory,local:public_source_audit.csv,Apache License 2.0 for retained excerpts,2026-09-17,source provenance audit record,tagged GitHub blobs plus exact line-bounded excerpts,12 packaged records with blob SHA-1 and excerpt SHA-256,Immutable provenance and excerpt integrity only,no
