id,repository,tag,path,start_line,end_line,file_blob_sha1,excerpt_sha256,primitive,literal,permission,verification_url,verification_method,access_date,status
vibrator-cancel,aosp-mirror/platform_frameworks_base,android-14.0.0_r1,services/core/java/com/android/server/vibrator/VibratorManagerService.java,479,484,cb7e54dda5279d5e80a34a279fa0bb1a61ece934,7063d75c3c43355885751bef572f128289edd97aff1aaad0cbece2f961285643,mContext.enforceCallingOrSelfPermission,android.Manifest.permission.VIBRATE,android.permission.VIBRATE,https://github.com/aosp-mirror/platform_frameworks_base/blob/android-14.0.0_r1/services/core/java/com/android/server/vibrator/VibratorManagerService.java#L479-L484,Tagged raw file exact excerpt and physical line range checked,2026-10-07,verified
vibrator-is-vibrating,aosp-mirror/platform_frameworks_base,android-14.0.0_r1,services/core/java/com/android/server/vibrator/VibratorManagerService.java,302,307,cb7e54dda5279d5e80a34a279fa0bb1a61ece934,737ffb6431479ce06e4cd0a3f75e17e2f0c16ce84f2f143c63765b911aed6017,mContext.enforceCallingOrSelfPermission,android.Manifest.permission.ACCESS_VIBRATOR_STATE,android.permission.ACCESS_VIBRATOR_STATE,https://github.com/aosp-mirror/platform_frameworks_base/blob/android-14.0.0_r1/services/core/java/com/android/server/vibrator/VibratorManagerService.java#L302-L307,Tagged raw file exact excerpt and physical line range checked,2026-10-07,verified
vibrator-register-listener,aosp-mirror/platform_frameworks_base,android-14.0.0_r1,services/core/java/com/android/server/vibrator/VibratorManagerService.java,311,319,cb7e54dda5279d5e80a34a279fa0bb1a61ece934,c669a7fd3193f375ef244ea6a3c9282a2592542b661e3dee6dba88a3157c2bce,mContext.enforceCallingOrSelfPermission,android.Manifest.permission.ACCESS_VIBRATOR_STATE,android.permission.ACCESS_VIBRATOR_STATE,https://github.com/aosp-mirror/platform_frameworks_base/blob/android-14.0.0_r1/services/core/java/com/android/server/vibrator/VibratorManagerService.java#L311-L319,Tagged raw file exact excerpt and physical line range checked,2026-10-07,verified
vibrator-set-always-on,aosp-mirror/platform_frameworks_base,android-14.0.0_r1,services/core/java/com/android/server/vibrator/VibratorManagerService.java,336,342,cb7e54dda5279d5e80a34a279fa0bb1a61ece934,444e6d355cbfddfcd37d97af0336e838811b98ac2b71b19c89a50a24bdf6655c,mContext.enforceCallingOrSelfPermission,android.Manifest.permission.VIBRATE_ALWAYS_ON,android.permission.VIBRATE_ALWAYS_ON,https://github.com/aosp-mirror/platform_frameworks_base/blob/android-14.0.0_r1/services/core/java/com/android/server/vibrator/VibratorManagerService.java#L336-L342,Tagged raw file exact excerpt and physical line range checked,2026-10-07,verified
vibrator-unregister-listener,aosp-mirror/platform_frameworks_base,android-14.0.0_r1,services/core/java/com/android/server/vibrator/VibratorManagerService.java,323,332,cb7e54dda5279d5e80a34a279fa0bb1a61ece934,a75bef4715700d1c47ac056dedfcf61dc91fb07ed4fec1b781b18e4af43b0aed,mContext.enforceCallingOrSelfPermission,android.Manifest.permission.ACCESS_VIBRATOR_STATE,android.permission.ACCESS_VIBRATOR_STATE,https://github.com/aosp-mirror/platform_frameworks_base/blob/android-14.0.0_r1/services/core/java/com/android/server/vibrator/VibratorManagerService.java#L323-L332,Tagged raw file exact excerpt and physical line range checked,2026-10-07,verified
vibrator-vibrate-internal,aosp-mirror/platform_frameworks_base,android-14.0.0_r1,services/core/java/com/android/server/vibrator/VibratorManagerService.java,391,396,cb7e54dda5279d5e80a34a279fa0bb1a61ece934,e299efe92af971d4bf704ae4245d4ca904b77b8c9fc9225ac51cd134e4597c47,mContext.enforceCallingOrSelfPermission,android.Manifest.permission.VIBRATE,android.permission.VIBRATE,https://github.com/aosp-mirror/platform_frameworks_base/blob/android-14.0.0_r1/services/core/java/com/android/server/vibrator/VibratorManagerService.java#L391-L396,Tagged raw file exact excerpt and physical line range checked,2026-10-07,verified
wallpaper-clear,aosp-mirror/platform_frameworks_base,android-14.0.0_r1,services/core/java/com/android/server/wallpaper/WallpaperManagerService.java,1980,1983,cd3d603d831a0478aaea4d09e8db8d589c14a9dc,7acd5ab3e15e3f34477dd333a9732cbda98c1db982f8147f6199a9e2f52798cd,checkPermission,android.Manifest.permission.SET_WALLPAPER,android.permission.SET_WALLPAPER,https://github.com/aosp-mirror/platform_frameworks_base/blob/android-14.0.0_r1/services/core/java/com/android/server/wallpaper/WallpaperManagerService.java#L1980-L1983,Tagged raw file exact excerpt and physical line range checked,2026-10-07,verified
wallpaper-dimension-hints,aosp-mirror/platform_frameworks_base,android-14.0.0_r1,services/core/java/com/android/server/wallpaper/WallpaperManagerService.java,2141,2143,cd3d603d831a0478aaea4d09e8db8d589c14a9dc,a1d6adb9ae0129b9b449b48c49be1f70fe67c3965393015c9701899b7dde8145,checkPermission,android.Manifest.permission.SET_WALLPAPER_HINTS,android.permission.SET_WALLPAPER_HINTS,https://github.com/aosp-mirror/platform_frameworks_base/blob/android-14.0.0_r1/services/core/java/com/android/server/wallpaper/WallpaperManagerService.java#L2141-L2143,Tagged raw file exact excerpt and physical line range checked,2026-10-07,verified
wallpaper-display-padding,aosp-mirror/platform_frameworks_base,android-14.0.0_r1,services/core/java/com/android/server/wallpaper/WallpaperManagerService.java,2232,2233,cd3d603d831a0478aaea4d09e8db8d589c14a9dc,3d169745732e962c9e11793d5d49fab9aed14a098931b902bad5ab32edae600e,checkPermission,android.Manifest.permission.SET_WALLPAPER_HINTS,android.permission.SET_WALLPAPER_HINTS,https://github.com/aosp-mirror/platform_frameworks_base/blob/android-14.0.0_r1/services/core/java/com/android/server/wallpaper/WallpaperManagerService.java#L2232-L2233,Tagged raw file exact excerpt and physical line range checked,2026-10-07,verified
wallpaper-lock-callback,aosp-mirror/platform_frameworks_base,android-14.0.0_r1,services/core/java/com/android/server/wallpaper/WallpaperManagerService.java,2708,2713,cd3d603d831a0478aaea4d09e8db8d589c14a9dc,b4d948f9baf2c92d6044cbce5a3513af400732fb3beb8f658d87009849c460ca,checkPermission,android.Manifest.permission.INTERNAL_SYSTEM_WINDOW,android.permission.INTERNAL_SYSTEM_WINDOW,https://github.com/aosp-mirror/platform_frameworks_base/blob/android-14.0.0_r1/services/core/java/com/android/server/wallpaper/WallpaperManagerService.java#L2708-L2713,Tagged raw file exact excerpt and physical line range checked,2026-10-07,verified
wallpaper-set-dim,aosp-mirror/platform_frameworks_base,android-14.0.0_r1,services/core/java/com/android/server/wallpaper/WallpaperManagerService.java,2831,2832,cd3d603d831a0478aaea4d09e8db8d589c14a9dc,3679dad437de017ce669d545c3871bbb3b9a6b45701bd6d002cec11138cb5b55,checkPermission,android.Manifest.permission.SET_WALLPAPER_DIM_AMOUNT,android.permission.SET_WALLPAPER_DIM_AMOUNT,https://github.com/aosp-mirror/platform_frameworks_base/blob/android-14.0.0_r1/services/core/java/com/android/server/wallpaper/WallpaperManagerService.java#L2831-L2832,Tagged raw file exact excerpt and physical line range checked,2026-10-07,verified
wallpaper-set,aosp-mirror/platform_frameworks_base,android-14.0.0_r1,services/core/java/com/android/server/wallpaper/WallpaperManagerService.java,3009,3014,cd3d603d831a0478aaea4d09e8db8d589c14a9dc,2536cd79bb862d7e0ebfa3cd44c4197a95e464f6ab47a550626361d73c625a09,checkPermission,android.Manifest.permission.SET_WALLPAPER,android.permission.SET_WALLPAPER,https://github.com/aosp-mirror/platform_frameworks_base/blob/android-14.0.0_r1/services/core/java/com/android/server/wallpaper/WallpaperManagerService.java#L3009-L3014,Tagged raw file exact excerpt and physical line range checked,2026-10-07,verified
