key,title,year,persistent_id,verification_url,verification_source,relevance_role,status,access_date,notes
bartel2014,Static analysis for extracting permission checks of a large scale framework: The challenges and solutions for analyzing Android,2014,doi:10.1109/TSE.2014.2322867,https://doi.org/10.1109/TSE.2014.2322867,publisher/DOI,historical framework permission extraction,verified,2026-09-17,
felt2011,Android permissions demystified,2011,doi:10.1145/2046707.2046779,https://doi.org/10.1145/2046707.2046779,publisher/DOI,Android permission specification motivation,verified,2026-09-17,
au2012,PScout: Analyzing the Android permission specification,2012,doi:10.1145/2382196.2382222,https://doi.org/10.1145/2382196.2382222,publisher/DOI,Android permission mapping baseline,verified,2026-09-17,
backes2016,On demystifying the Android application framework: Re-visiting Android permission specification analysis,2016,USENIX Security 2016 paper 197193,https://www.usenix.org/conference/usenixsecurity16/technical-sessions/presentation/backes_android,official proceedings,framework-modeling closest work,verified,2026-09-17,No DOI assigned by proceedings.
gorski2019,ACMiner: Extraction and analysis of authorization checks in Android's middleware,2019,doi:10.1145/3292006.3300023,https://doi.org/10.1145/3292006.3300023,publisher/DOI,authorization-check mining,verified,2026-09-17,
natidroid2022,Cross-language Android permission specification,2022,doi:10.1145/3540250.3549142,https://doi.org/10.1145/3540250.3549142,publisher/DOI,cross-language permission extraction,verified,2026-09-17,
aper2022,Aper: Evolution-aware runtime permission misuse detection for Android apps,2022,doi:10.1145/3510003.3510074,https://doi.org/10.1145/3510003.3510074,publisher/DOI,permission evolution,verified,2026-09-17,Pages corrected to 125-137.
runtime2023,"Runtime permission issues in Android apps: Taxonomy, practices, and ways forward",2023,doi:10.1109/TSE.2022.3148258,https://doi.org/10.1109/TSE.2022.3148258,publisher/DOI,runtime-permission evolution and taxonomy,verified,2026-09-17,
custom2022,Android custom permissions demystified: A comprehensive security evaluation,2022,doi:10.1109/TSE.2021.3119980,https://doi.org/10.1109/TSE.2021.3119980,publisher/DOI,custom-permission security,verified,2026-09-17,
bagheri2015,Detection of design flaws in the Android permission protocol through bounded verification,2015,doi:10.1007/978-3-319-19249-9_6,https://doi.org/10.1007/978-3-319-19249-9_6,publisher/DOI,bounded formal permission-protocol analysis,verified,2026-09-17,Corrected from a conflated 2018 journal record to FM 2015.
kratos2016,Kratos: Discovering inconsistent security policy enforcement in the Android framework,2016,DBLP:conf/ndss/ShaoCMOQ16,https://dblp.org/rec/conf/ndss/ShaoCMOQ16,stable bibliography + official proceedings link,framework policy-enforcement consistency,verified,2026-09-17,Proceedings record has no DOI.
formallens2026,"A formal lens on Android permissions system: Modeling, verification, and exploitation using LLMs and model checking",2026,doi:10.1145/3799897,https://doi.org/10.1145/3799897,publisher/DOI,recent formal Android permission modeling,verified,2026-09-17,Published 2026-04-10.
callsound2024,Call graph soundness in Android static analysis,2024,doi:10.1145/3650212.3680333,https://doi.org/10.1145/3650212.3680333,publisher/DOI,frontend/call-graph soundness boundary,verified,2026-09-17,
archer2026,Resolving conditional implicit calls to improve static and dynamic analysis in Android apps,2026,doi:10.1145/3729168,https://doi.org/10.1145/3729168,publisher/DOI,implicit-call resolution boundary,verified,2026-09-17,"Published title, not prepublication working title."
flowdroid2014,"FlowDroid: Precise context, flow, field, object-sensitive and lifecycle-aware taint analysis for Android apps",2014,doi:10.1145/2594291.2594299,https://doi.org/10.1145/2594291.2594299,publisher/DOI,Android static-analysis precision baseline,verified,2026-09-17,
amandroid2014,Amandroid: A precise and general inter-component data flow analysis framework for security vetting of Android apps,2014,doi:10.1145/2660267.2660357,https://doi.org/10.1145/2660267.2660357,publisher/DOI,inter-component dataflow baseline,verified,2026-09-17,Conference version cited.
iccta2015,IccTA: Detecting inter-component privacy leaks in Android apps,2015,doi:10.1109/ICSE.2015.48,https://doi.org/10.1109/ICSE.2015.48,publisher/DOI,inter-component taint baseline,verified,2026-09-17,
epicc2013,Effective inter-component communication mapping in Android with Epicc: An essential step towards holistic security analysis,2013,USENIX Security 2013 Epicc,https://www.usenix.org/conference/usenixsecurity13/technical-sessions/presentation/octeau,official proceedings,inter-component communication mapping,verified,2026-09-17,No DOI assigned by proceedings.
droidsafe2015,Information flow analysis of Android applications in DroidSafe,2015,doi:10.14722/ndss.2015.23089,https://doi.org/10.14722/ndss.2015.23089,publisher/DOI,whole-program Android information-flow baseline,verified,2026-09-17,
horndroid2016,HornDroid: Practical and sound static analysis of Android applications by SMT solving,2016,doi:10.1109/EuroSP.2016.16,https://doi.org/10.1109/EuroSP.2016.16,publisher/DOI,Horn-based Android static analysis,verified,2026-09-17,
stubdroid2016,StubDroid: Automatic inference of precise data-flow summaries for the Android framework,2016,doi:10.1145/2884781.2884816,https://doi.org/10.1145/2884781.2884816,publisher/DOI,framework summary inference,verified,2026-09-17,
droidra2016,DroidRA: Taming reflection to support whole-program analysis of Android apps,2016,doi:10.1145/2931037.2931044,https://doi.org/10.1145/2931037.2931044,publisher/DOI,reflection handling,verified,2026-09-17,Venue corrected to ISSTA 2016.
susi2014,A machine-learning approach for classifying and categorizing Android sources and sinks,2014,doi:10.14722/ndss.2014.23039,https://doi.org/10.14722/ndss.2014.23039,publisher/DOI,source/sink classification,verified,2026-09-17,
edgeminer2015,EdgeMiner: Automatically detecting implicit control flow transitions through the Android framework,2015,DBLP:conf/ndss/CaoFBEKVC15,https://www.ndss-symposium.org/ndss2015/ndss-2015-programme/edgeminer-automatically-detecting-implicit-control-flow-transitions-through-android-framework/,official proceedings,implicit framework control flow,verified,2026-09-17,No DOI present in official/DBLP record.
sealant2017,A SEALANT for inter-app security holes in Android,2017,doi:10.1109/ICSE.2017.36,https://doi.org/10.1109/ICSE.2017.36,publisher/DOI,inter-app security analysis,verified,2026-09-17,Title and author list corrected.
androidslr2017,Static analysis of Android apps: A systematic literature review,2017,doi:10.1016/j.infsof.2017.04.001,https://doi.org/10.1016/j.infsof.2017.04.001,publisher/DOI,Android static-analysis survey,verified,2026-09-17,
cousot1977,Abstract interpretation: A unified lattice model for static analysis of programs by construction or approximation of fixpoints,1977,doi:10.1145/512950.512973,https://doi.org/10.1145/512950.512973,publisher/DOI,abstract-interpretation foundation,verified,2026-09-17,
andersen1994,Program analysis and specialization for the C programming language,1994,DBLP:phd/dk/Andersen94,https://dblp.org/rec/phd/dk/Andersen94,stable bibliography,points-to analysis foundation,verified,2026-09-17,Dissertation has no DOI.
dean1995,Optimization of object-oriented programs using static class hierarchy analysis,1995,doi:10.1007/3-540-49538-X_5,https://doi.org/10.1007/3-540-49538-X_5,publisher/DOI,class-hierarchy analysis,verified,2026-09-17,
bacon1996,Fast static analysis of C++ virtual function calls,1996,doi:10.1145/236337.236371,https://doi.org/10.1145/236337.236371,publisher/DOI,virtual-call analysis,verified,2026-09-17,
milanova2005,Parameterized object sensitivity for points-to analysis for Java,2005,doi:10.1145/1044834.1044835,https://doi.org/10.1145/1044834.1044835,publisher/DOI,object sensitivity,verified,2026-09-17,
smaragdakis2011,Pick your contexts well: Understanding object-sensitivity,2011,doi:10.1145/1926385.1926390,https://doi.org/10.1145/1926385.1926390,publisher/DOI,object-sensitivity design,verified,2026-09-17,
soot1999,Soot---A Java bytecode optimization framework,1999,DBLP:conf/cascon/Vallee-RaiCGHLS99; doi(reprint):10.1145/1925805.1925818,https://doi.org/10.1145/1925805.1925818,publisher reprint + original bibliographic record,Java analysis infrastructure,verified,2026-09-17,Original CASCON record is paper 13; 2010 high-impact reprint is pp. 214-224.
spark2003,Scaling Java points-to analysis using Spark,2003,doi:10.1007/3-540-36579-6_12,https://doi.org/10.1007/3-540-36579-6_12,publisher/DOI,scalable Java points-to analysis,verified,2026-09-17,
doop2009,Strictly declarative specification of sophisticated points-to analyses,2009,doi:10.1145/1640089.1640108,https://doi.org/10.1145/1640089.1640108,publisher/DOI,declarative points-to analysis,verified,2026-09-17,Canonical DOI corrected in audit.
ifds1995,Precise interprocedural dataflow analysis via graph reachability,1995,doi:10.1145/199448.199462,https://doi.org/10.1145/199448.199462,publisher/DOI,interprocedural dataflow foundation,verified,2026-09-17,
souffle2016,On fast large-scale program analysis in Datalog,2016,doi:10.1145/2892208.2892226,https://doi.org/10.1145/2892208.2892226,publisher/DOI,large-scale Datalog implementation,verified,2026-09-17,
incdatalog2021,Incremental whole-program analysis in Datalog with lattices,2021,doi:10.1145/3453483.3454026,https://doi.org/10.1145/3453483.3454026,publisher/DOI,incremental Datalog analysis,verified,2026-09-17,
ddflow2013,Naiad: A timely dataflow system,2013,doi:10.1145/2517349.2522738,https://doi.org/10.1145/2517349.2522738,publisher/DOI,incremental dataflow systems,verified,2026-09-17,
tantow2025,Verifying Datalog reasoning with Lean,2025,doi:10.4230/LIPIcs.ITP.2025.36,https://doi.org/10.4230/LIPIcs.ITP.2025.36,publisher/DOI,verified Datalog certificates,verified,2026-09-17,
necula1997,Proof-carrying code,1997,doi:10.1145/263699.263712,https://doi.org/10.1145/263699.263712,publisher/DOI,proof-carrying code foundation,verified,2026-09-17,
appel2001,Foundational proof-carrying code,2001,doi:10.1109/LICS.2001.932501,https://doi.org/10.1109/LICS.2001.932501,publisher/DOI,foundational proof-carrying code,verified,2026-09-17,
besson2006,Proof-carrying code from certified abstract interpretation and fixpoint compression,2006,doi:10.1016/j.tcs.2006.08.012,https://doi.org/10.1016/j.tcs.2006.08.012,publisher/DOI,certificate compression and abstract interpretation,verified,2026-09-17,
albert2004,Abstraction-carrying code,2005,doi:10.1007/978-3-540-32275-7_25,https://doi.org/10.1007/978-3-540-32275-7_25,publisher/DOI,abstraction-carrying code,verified,2026-10-06,Proceedings publication is 2005; LPAR 2004 is the conference-series label.
albert2006,An incremental approach to abstraction-carrying code,2006,doi:10.1007/11916277_26,https://doi.org/10.1007/11916277_26,publisher/DOI,incremental abstraction-carrying code,verified,2026-09-17,
albert2008,Abstraction-carrying code: A model for mobile code safety,2008,doi:10.1007/s00354-008-0039-7,https://doi.org/10.1007/s00354-008-0039-7,publisher/DOI,abstraction-carrying code model,verified,2026-09-17,Title corrected to publisher record.
albert2012,Certificate size reduction in abstraction-carrying code,2012,doi:10.1017/S1471068410000487,https://doi.org/10.1017/S1471068410000487,publisher/DOI,certificate-size reduction,verified,2026-09-17,Author list and title corrected to publisher record.
pnueli1998,Translation validation,1998,doi:10.1007/BFb0054170,https://doi.org/10.1007/BFb0054170,publisher/DOI,translation validation,verified,2026-09-17,
leroy2009,Formal verification of a realistic compiler,2009,doi:10.1145/1538788.1538814,https://doi.org/10.1145/1538788.1538814,publisher/DOI,verified compiler analogy,verified,2026-09-17,
buneman2001,Why and where: A characterization of data provenance,2001,doi:10.1007/3-540-44503-X_20,https://doi.org/10.1007/3-540-44503-X_20,publisher/DOI,data provenance foundation,verified,2026-09-17,
green2007,Provenance semirings,2007,doi:10.1145/1265530.1265535,https://doi.org/10.1145/1265530.1265535,publisher/DOI,provenance semirings,verified,2026-09-17,
cheney2009,"Provenance in databases: Why, how, and where",2009,doi:10.1561/1900000006,https://doi.org/10.1561/1900000006,publisher/DOI,provenance survey,verified,2026-09-17,
chapman2009,Why not?,2009,doi:10.1145/1559845.1559900,https://doi.org/10.1145/1559845.1559900,publisher/DOI,why-not provenance,verified,2026-09-17,
meliou2010,The complexity of causality and responsibility for query answers and non-answers,2010,doi:10.14778/1868931.1868935,https://doi.org/10.14778/1868931.1868935,publisher/DOI,causality and responsibility,verified,2026-09-17,
reiter1987,A theory of diagnosis from first principles,1987,doi:10.1016/0004-3702(87)90062-2,https://doi.org/10.1016/0004-3702(87)90062-2,publisher/DOI,model-based diagnosis,verified,2026-09-17,
junker2004,QUICKXPLAIN: Preferred explanations and relaxations for over-constrained problems,2004,AAAI04-027,https://cdn.aaai.org/AAAI/2004/AAAI04-027.pdf,official proceedings PDF,minimal explanations,verified,2026-09-17,No DOI assigned by AAAI proceedings.
ramalingam1993,A categorized bibliography on incremental computation,1993,doi:10.1145/158511.158710,https://doi.org/10.1145/158511.158710,publisher/DOI,incremental computation survey,verified,2026-09-17,
fluri2007,Change distilling: Tree differencing for fine-grained source code change extraction,2007,doi:10.1109/TSE.2007.70731,https://doi.org/10.1109/TSE.2007.70731,publisher/DOI,source change differencing,verified,2026-09-17,
summaryreuse2022,Efficient summary reuse for software regression verification,2022,doi:10.1109/TSE.2020.3021477,https://doi.org/10.1109/TSE.2020.3021477,publisher/DOI,summary reuse across revisions,verified,2026-09-17,"Published in IEEE TSE 48(4), 2022; DOI assigned in 2020."
mens2004,A survey of software refactoring,2004,doi:10.1109/TSE.2004.1265817,https://doi.org/10.1109/TSE.2004.1265817,publisher/DOI,software refactoring survey,verified,2026-09-17,
coccinelle2018,Coccinelle: 10 years of automated evolution in the Linux kernel,2018,USENIX ATC 2018 Coccinelle,https://www.usenix.org/conference/atc18/presentation/lawall,official proceedings,semantic patching and evolution,verified,2026-09-17,No DOI assigned by proceedings.
arcade2018,Precise Android API protection mapping derivation and reasoning,2018,doi:10.1145/3243734.3243842,https://doi.org/10.1145/3243734.3243842,publisher/DOI,precise Android API protection mapping,verified,2026-09-17,
dypermin2018,Dypermin: Dynamic permission mining framework for Android platform,2018,doi:10.1016/j.cose.2018.05.007,https://doi.org/10.1016/j.cose.2018.05.007,publisher/DOI,dynamic permission mining,verified,2026-09-17,
reviser2014,Reviser: Efficiently updating IDE-/IFDS-based data-flow analyses in response to incremental program changes,2014,doi:10.1145/2568225.2568243,https://doi.org/10.1145/2568225.2568243,publisher/DOI,incremental IFDS analysis,verified,2026-09-17,
inca2016,IncA: A DSL for the definition of incremental program analyses,2016,doi:10.1145/2970276.2970298,https://doi.org/10.1145/2970276.2970298,publisher/DOI,incremental analysis DSL,verified,2026-09-17,
proofreuse2015,Reusing constraint proofs in program analysis,2015,doi:10.1145/2771783.2771802,https://doi.org/10.1145/2771783.2771802,publisher/DOI,constraint-proof reuse,verified,2026-09-17,
whyprov2024,Computing the why-provenance for Datalog queries via SAT solvers,2024,doi:10.1609/aaai.v38i9.28914,https://doi.org/10.1609/aaai.v38i9.28914,publisher/DOI,Datalog why-provenance computation,verified,2026-09-17,
minimalprov2024,Below and above why-provenance for Datalog queries,2024,doi:10.1145/3695829,https://doi.org/10.1145/3695829,publisher/DOI,minimal/bounded Datalog provenance,verified,2026-09-17,
