case,family,baseline,gold,reported,tp,fp,fn,exact
0,field,full,F0_API|PERM_A,F0_API|PERM_A,1,0,0,True
0,field,field-insensitive,F0_API|PERM_A,F0_API|PERM_A;F0_API|PERM_B,1,1,0,False
0,field,context-insensitive,F0_API|PERM_A,F0_API|PERM_A,1,0,0,True
0,field,cha,F0_API|PERM_A,F0_API|PERM_A;F0_API|PERM_B,1,1,0,False
1,field,full,F1_API|PERM_B,F1_API|PERM_B,1,0,0,True
1,field,field-insensitive,F1_API|PERM_B,F1_API|PERM_A;F1_API|PERM_B,1,1,0,False
1,field,context-insensitive,F1_API|PERM_B,F1_API|PERM_B,1,0,0,True
1,field,cha,F1_API|PERM_B,F1_API|PERM_A;F1_API|PERM_B,1,1,0,False
2,field,full,F2_API|PERM_A,F2_API|PERM_A,1,0,0,True
2,field,field-insensitive,F2_API|PERM_A,F2_API|PERM_A;F2_API|PERM_B,1,1,0,False
2,field,context-insensitive,F2_API|PERM_A,F2_API|PERM_A,1,0,0,True
2,field,cha,F2_API|PERM_A,F2_API|PERM_A;F2_API|PERM_B,1,1,0,False
3,field,full,F3_API|PERM_B,F3_API|PERM_B,1,0,0,True
3,field,field-insensitive,F3_API|PERM_B,F3_API|PERM_A;F3_API|PERM_B,1,1,0,False
3,field,context-insensitive,F3_API|PERM_B,F3_API|PERM_B,1,0,0,True
3,field,cha,F3_API|PERM_B,F3_API|PERM_A;F3_API|PERM_B,1,1,0,False
4,field,full,F4_API|PERM_A,F4_API|PERM_A,1,0,0,True
4,field,field-insensitive,F4_API|PERM_A,F4_API|PERM_A;F4_API|PERM_B,1,1,0,False
4,field,context-insensitive,F4_API|PERM_A,F4_API|PERM_A,1,0,0,True
4,field,cha,F4_API|PERM_A,F4_API|PERM_A;F4_API|PERM_B,1,1,0,False
5,field,full,F5_API|PERM_B,F5_API|PERM_B,1,0,0,True
5,field,field-insensitive,F5_API|PERM_B,F5_API|PERM_A;F5_API|PERM_B,1,1,0,False
5,field,context-insensitive,F5_API|PERM_B,F5_API|PERM_B,1,0,0,True
5,field,cha,F5_API|PERM_B,F5_API|PERM_A;F5_API|PERM_B,1,1,0,False
6,field,full,F6_API|PERM_A,F6_API|PERM_A,1,0,0,True
6,field,field-insensitive,F6_API|PERM_A,F6_API|PERM_A;F6_API|PERM_B,1,1,0,False
6,field,context-insensitive,F6_API|PERM_A,F6_API|PERM_A,1,0,0,True
6,field,cha,F6_API|PERM_A,F6_API|PERM_A;F6_API|PERM_B,1,1,0,False
7,field,full,F7_API|PERM_B,F7_API|PERM_B,1,0,0,True
7,field,field-insensitive,F7_API|PERM_B,F7_API|PERM_A;F7_API|PERM_B,1,1,0,False
7,field,context-insensitive,F7_API|PERM_B,F7_API|PERM_B,1,0,0,True
7,field,cha,F7_API|PERM_B,F7_API|PERM_A;F7_API|PERM_B,1,1,0,False
8,field,full,F8_API|PERM_A,F8_API|PERM_A,1,0,0,True
8,field,field-insensitive,F8_API|PERM_A,F8_API|PERM_A;F8_API|PERM_B,1,1,0,False
8,field,context-insensitive,F8_API|PERM_A,F8_API|PERM_A,1,0,0,True
8,field,cha,F8_API|PERM_A,F8_API|PERM_A;F8_API|PERM_B,1,1,0,False
9,field,full,F9_API|PERM_B,F9_API|PERM_B,1,0,0,True
9,field,field-insensitive,F9_API|PERM_B,F9_API|PERM_A;F9_API|PERM_B,1,1,0,False
9,field,context-insensitive,F9_API|PERM_B,F9_API|PERM_B,1,0,0,True
9,field,cha,F9_API|PERM_B,F9_API|PERM_A;F9_API|PERM_B,1,1,0,False
10,field,full,F10_API|PERM_A,F10_API|PERM_A,1,0,0,True
10,field,field-insensitive,F10_API|PERM_A,F10_API|PERM_A;F10_API|PERM_B,1,1,0,False
10,field,context-insensitive,F10_API|PERM_A,F10_API|PERM_A,1,0,0,True
10,field,cha,F10_API|PERM_A,F10_API|PERM_A;F10_API|PERM_B,1,1,0,False
11,field,full,F11_API|PERM_B,F11_API|PERM_B,1,0,0,True
11,field,field-insensitive,F11_API|PERM_B,F11_API|PERM_A;F11_API|PERM_B,1,1,0,False
11,field,context-insensitive,F11_API|PERM_B,F11_API|PERM_B,1,0,0,True
11,field,cha,F11_API|PERM_B,F11_API|PERM_A;F11_API|PERM_B,1,1,0,False
12,field,full,F12_API|PERM_A,F12_API|PERM_A,1,0,0,True
12,field,field-insensitive,F12_API|PERM_A,F12_API|PERM_A;F12_API|PERM_B,1,1,0,False
12,field,context-insensitive,F12_API|PERM_A,F12_API|PERM_A,1,0,0,True
12,field,cha,F12_API|PERM_A,F12_API|PERM_A;F12_API|PERM_B,1,1,0,False
13,field,full,F13_API|PERM_B,F13_API|PERM_B,1,0,0,True
13,field,field-insensitive,F13_API|PERM_B,F13_API|PERM_A;F13_API|PERM_B,1,1,0,False
13,field,context-insensitive,F13_API|PERM_B,F13_API|PERM_B,1,0,0,True
13,field,cha,F13_API|PERM_B,F13_API|PERM_A;F13_API|PERM_B,1,1,0,False
14,field,full,F14_API|PERM_A,F14_API|PERM_A,1,0,0,True
14,field,field-insensitive,F14_API|PERM_A,F14_API|PERM_A;F14_API|PERM_B,1,1,0,False
14,field,context-insensitive,F14_API|PERM_A,F14_API|PERM_A,1,0,0,True
14,field,cha,F14_API|PERM_A,F14_API|PERM_A;F14_API|PERM_B,1,1,0,False
15,field,full,F15_API|PERM_B,F15_API|PERM_B,1,0,0,True
15,field,field-insensitive,F15_API|PERM_B,F15_API|PERM_A;F15_API|PERM_B,1,1,0,False
15,field,context-insensitive,F15_API|PERM_B,F15_API|PERM_B,1,0,0,True
15,field,cha,F15_API|PERM_B,F15_API|PERM_A;F15_API|PERM_B,1,1,0,False
16,field,full,F16_API|PERM_A,F16_API|PERM_A,1,0,0,True
16,field,field-insensitive,F16_API|PERM_A,F16_API|PERM_A;F16_API|PERM_B,1,1,0,False
16,field,context-insensitive,F16_API|PERM_A,F16_API|PERM_A,1,0,0,True
16,field,cha,F16_API|PERM_A,F16_API|PERM_A;F16_API|PERM_B,1,1,0,False
17,field,full,F17_API|PERM_B,F17_API|PERM_B,1,0,0,True
17,field,field-insensitive,F17_API|PERM_B,F17_API|PERM_A;F17_API|PERM_B,1,1,0,False
17,field,context-insensitive,F17_API|PERM_B,F17_API|PERM_B,1,0,0,True
17,field,cha,F17_API|PERM_B,F17_API|PERM_A;F17_API|PERM_B,1,1,0,False
18,field,full,F18_API|PERM_A,F18_API|PERM_A,1,0,0,True
18,field,field-insensitive,F18_API|PERM_A,F18_API|PERM_A;F18_API|PERM_B,1,1,0,False
18,field,context-insensitive,F18_API|PERM_A,F18_API|PERM_A,1,0,0,True
18,field,cha,F18_API|PERM_A,F18_API|PERM_A;F18_API|PERM_B,1,1,0,False
19,field,full,F19_API|PERM_B,F19_API|PERM_B,1,0,0,True
19,field,field-insensitive,F19_API|PERM_B,F19_API|PERM_A;F19_API|PERM_B,1,1,0,False
19,field,context-insensitive,F19_API|PERM_B,F19_API|PERM_B,1,0,0,True
19,field,cha,F19_API|PERM_B,F19_API|PERM_A;F19_API|PERM_B,1,1,0,False
20,field,full,F20_API|PERM_A,F20_API|PERM_A,1,0,0,True
20,field,field-insensitive,F20_API|PERM_A,F20_API|PERM_A;F20_API|PERM_B,1,1,0,False
20,field,context-insensitive,F20_API|PERM_A,F20_API|PERM_A,1,0,0,True
20,field,cha,F20_API|PERM_A,F20_API|PERM_A;F20_API|PERM_B,1,1,0,False
21,field,full,F21_API|PERM_B,F21_API|PERM_B,1,0,0,True
21,field,field-insensitive,F21_API|PERM_B,F21_API|PERM_A;F21_API|PERM_B,1,1,0,False
21,field,context-insensitive,F21_API|PERM_B,F21_API|PERM_B,1,0,0,True
21,field,cha,F21_API|PERM_B,F21_API|PERM_A;F21_API|PERM_B,1,1,0,False
22,field,full,F22_API|PERM_A,F22_API|PERM_A,1,0,0,True
22,field,field-insensitive,F22_API|PERM_A,F22_API|PERM_A;F22_API|PERM_B,1,1,0,False
22,field,context-insensitive,F22_API|PERM_A,F22_API|PERM_A,1,0,0,True
22,field,cha,F22_API|PERM_A,F22_API|PERM_A;F22_API|PERM_B,1,1,0,False
23,field,full,F23_API|PERM_B,F23_API|PERM_B,1,0,0,True
23,field,field-insensitive,F23_API|PERM_B,F23_API|PERM_A;F23_API|PERM_B,1,1,0,False
23,field,context-insensitive,F23_API|PERM_B,F23_API|PERM_B,1,0,0,True
23,field,cha,F23_API|PERM_B,F23_API|PERM_A;F23_API|PERM_B,1,1,0,False
24,field,full,F24_API|PERM_A,F24_API|PERM_A,1,0,0,True
24,field,field-insensitive,F24_API|PERM_A,F24_API|PERM_A;F24_API|PERM_B,1,1,0,False
24,field,context-insensitive,F24_API|PERM_A,F24_API|PERM_A,1,0,0,True
24,field,cha,F24_API|PERM_A,F24_API|PERM_A;F24_API|PERM_B,1,1,0,False
25,field,full,F25_API|PERM_B,F25_API|PERM_B,1,0,0,True
25,field,field-insensitive,F25_API|PERM_B,F25_API|PERM_A;F25_API|PERM_B,1,1,0,False
25,field,context-insensitive,F25_API|PERM_B,F25_API|PERM_B,1,0,0,True
25,field,cha,F25_API|PERM_B,F25_API|PERM_A;F25_API|PERM_B,1,1,0,False
26,field,full,F26_API|PERM_A,F26_API|PERM_A,1,0,0,True
26,field,field-insensitive,F26_API|PERM_A,F26_API|PERM_A;F26_API|PERM_B,1,1,0,False
26,field,context-insensitive,F26_API|PERM_A,F26_API|PERM_A,1,0,0,True
26,field,cha,F26_API|PERM_A,F26_API|PERM_A;F26_API|PERM_B,1,1,0,False
27,field,full,F27_API|PERM_B,F27_API|PERM_B,1,0,0,True
27,field,field-insensitive,F27_API|PERM_B,F27_API|PERM_A;F27_API|PERM_B,1,1,0,False
27,field,context-insensitive,F27_API|PERM_B,F27_API|PERM_B,1,0,0,True
27,field,cha,F27_API|PERM_B,F27_API|PERM_A;F27_API|PERM_B,1,1,0,False
28,field,full,F28_API|PERM_A,F28_API|PERM_A,1,0,0,True
28,field,field-insensitive,F28_API|PERM_A,F28_API|PERM_A;F28_API|PERM_B,1,1,0,False
28,field,context-insensitive,F28_API|PERM_A,F28_API|PERM_A,1,0,0,True
28,field,cha,F28_API|PERM_A,F28_API|PERM_A;F28_API|PERM_B,1,1,0,False
29,field,full,F29_API|PERM_B,F29_API|PERM_B,1,0,0,True
29,field,field-insensitive,F29_API|PERM_B,F29_API|PERM_A;F29_API|PERM_B,1,1,0,False
29,field,context-insensitive,F29_API|PERM_B,F29_API|PERM_B,1,0,0,True
29,field,cha,F29_API|PERM_B,F29_API|PERM_A;F29_API|PERM_B,1,1,0,False
30,field,full,F30_API|PERM_A,F30_API|PERM_A,1,0,0,True
30,field,field-insensitive,F30_API|PERM_A,F30_API|PERM_A;F30_API|PERM_B,1,1,0,False
30,field,context-insensitive,F30_API|PERM_A,F30_API|PERM_A,1,0,0,True
30,field,cha,F30_API|PERM_A,F30_API|PERM_A;F30_API|PERM_B,1,1,0,False
31,field,full,F31_API|PERM_B,F31_API|PERM_B,1,0,0,True
31,field,field-insensitive,F31_API|PERM_B,F31_API|PERM_A;F31_API|PERM_B,1,1,0,False
31,field,context-insensitive,F31_API|PERM_B,F31_API|PERM_B,1,0,0,True
31,field,cha,F31_API|PERM_B,F31_API|PERM_A;F31_API|PERM_B,1,1,0,False
32,field,full,F32_API|PERM_A,F32_API|PERM_A,1,0,0,True
32,field,field-insensitive,F32_API|PERM_A,F32_API|PERM_A;F32_API|PERM_B,1,1,0,False
32,field,context-insensitive,F32_API|PERM_A,F32_API|PERM_A,1,0,0,True
32,field,cha,F32_API|PERM_A,F32_API|PERM_A;F32_API|PERM_B,1,1,0,False
33,field,full,F33_API|PERM_B,F33_API|PERM_B,1,0,0,True
33,field,field-insensitive,F33_API|PERM_B,F33_API|PERM_A;F33_API|PERM_B,1,1,0,False
33,field,context-insensitive,F33_API|PERM_B,F33_API|PERM_B,1,0,0,True
33,field,cha,F33_API|PERM_B,F33_API|PERM_A;F33_API|PERM_B,1,1,0,False
34,field,full,F34_API|PERM_A,F34_API|PERM_A,1,0,0,True
34,field,field-insensitive,F34_API|PERM_A,F34_API|PERM_A;F34_API|PERM_B,1,1,0,False
34,field,context-insensitive,F34_API|PERM_A,F34_API|PERM_A,1,0,0,True
34,field,cha,F34_API|PERM_A,F34_API|PERM_A;F34_API|PERM_B,1,1,0,False
35,field,full,F35_API|PERM_B,F35_API|PERM_B,1,0,0,True
35,field,field-insensitive,F35_API|PERM_B,F35_API|PERM_A;F35_API|PERM_B,1,1,0,False
35,field,context-insensitive,F35_API|PERM_B,F35_API|PERM_B,1,0,0,True
35,field,cha,F35_API|PERM_B,F35_API|PERM_A;F35_API|PERM_B,1,1,0,False
36,field,full,F36_API|PERM_A,F36_API|PERM_A,1,0,0,True
36,field,field-insensitive,F36_API|PERM_A,F36_API|PERM_A;F36_API|PERM_B,1,1,0,False
36,field,context-insensitive,F36_API|PERM_A,F36_API|PERM_A,1,0,0,True
36,field,cha,F36_API|PERM_A,F36_API|PERM_A;F36_API|PERM_B,1,1,0,False
37,field,full,F37_API|PERM_B,F37_API|PERM_B,1,0,0,True
37,field,field-insensitive,F37_API|PERM_B,F37_API|PERM_A;F37_API|PERM_B,1,1,0,False
37,field,context-insensitive,F37_API|PERM_B,F37_API|PERM_B,1,0,0,True
37,field,cha,F37_API|PERM_B,F37_API|PERM_A;F37_API|PERM_B,1,1,0,False
38,field,full,F38_API|PERM_A,F38_API|PERM_A,1,0,0,True
38,field,field-insensitive,F38_API|PERM_A,F38_API|PERM_A;F38_API|PERM_B,1,1,0,False
38,field,context-insensitive,F38_API|PERM_A,F38_API|PERM_A,1,0,0,True
38,field,cha,F38_API|PERM_A,F38_API|PERM_A;F38_API|PERM_B,1,1,0,False
39,field,full,F39_API|PERM_B,F39_API|PERM_B,1,0,0,True
39,field,field-insensitive,F39_API|PERM_B,F39_API|PERM_A;F39_API|PERM_B,1,1,0,False
39,field,context-insensitive,F39_API|PERM_B,F39_API|PERM_B,1,0,0,True
39,field,cha,F39_API|PERM_B,F39_API|PERM_A;F39_API|PERM_B,1,1,0,False
40,field,full,F40_API|PERM_A,F40_API|PERM_A,1,0,0,True
40,field,field-insensitive,F40_API|PERM_A,F40_API|PERM_A;F40_API|PERM_B,1,1,0,False
40,field,context-insensitive,F40_API|PERM_A,F40_API|PERM_A,1,0,0,True
40,field,cha,F40_API|PERM_A,F40_API|PERM_A;F40_API|PERM_B,1,1,0,False
41,field,full,F41_API|PERM_B,F41_API|PERM_B,1,0,0,True
41,field,field-insensitive,F41_API|PERM_B,F41_API|PERM_A;F41_API|PERM_B,1,1,0,False
41,field,context-insensitive,F41_API|PERM_B,F41_API|PERM_B,1,0,0,True
41,field,cha,F41_API|PERM_B,F41_API|PERM_A;F41_API|PERM_B,1,1,0,False
42,field,full,F42_API|PERM_A,F42_API|PERM_A,1,0,0,True
42,field,field-insensitive,F42_API|PERM_A,F42_API|PERM_A;F42_API|PERM_B,1,1,0,False
42,field,context-insensitive,F42_API|PERM_A,F42_API|PERM_A,1,0,0,True
42,field,cha,F42_API|PERM_A,F42_API|PERM_A;F42_API|PERM_B,1,1,0,False
43,field,full,F43_API|PERM_B,F43_API|PERM_B,1,0,0,True
43,field,field-insensitive,F43_API|PERM_B,F43_API|PERM_A;F43_API|PERM_B,1,1,0,False
43,field,context-insensitive,F43_API|PERM_B,F43_API|PERM_B,1,0,0,True
43,field,cha,F43_API|PERM_B,F43_API|PERM_A;F43_API|PERM_B,1,1,0,False
44,field,full,F44_API|PERM_A,F44_API|PERM_A,1,0,0,True
44,field,field-insensitive,F44_API|PERM_A,F44_API|PERM_A;F44_API|PERM_B,1,1,0,False
44,field,context-insensitive,F44_API|PERM_A,F44_API|PERM_A,1,0,0,True
44,field,cha,F44_API|PERM_A,F44_API|PERM_A;F44_API|PERM_B,1,1,0,False
45,field,full,F45_API|PERM_B,F45_API|PERM_B,1,0,0,True
45,field,field-insensitive,F45_API|PERM_B,F45_API|PERM_A;F45_API|PERM_B,1,1,0,False
45,field,context-insensitive,F45_API|PERM_B,F45_API|PERM_B,1,0,0,True
45,field,cha,F45_API|PERM_B,F45_API|PERM_A;F45_API|PERM_B,1,1,0,False
46,field,full,F46_API|PERM_A,F46_API|PERM_A,1,0,0,True
46,field,field-insensitive,F46_API|PERM_A,F46_API|PERM_A;F46_API|PERM_B,1,1,0,False
46,field,context-insensitive,F46_API|PERM_A,F46_API|PERM_A,1,0,0,True
46,field,cha,F46_API|PERM_A,F46_API|PERM_A;F46_API|PERM_B,1,1,0,False
47,field,full,F47_API|PERM_B,F47_API|PERM_B,1,0,0,True
47,field,field-insensitive,F47_API|PERM_B,F47_API|PERM_A;F47_API|PERM_B,1,1,0,False
47,field,context-insensitive,F47_API|PERM_B,F47_API|PERM_B,1,0,0,True
47,field,cha,F47_API|PERM_B,F47_API|PERM_A;F47_API|PERM_B,1,1,0,False
48,field,full,F48_API|PERM_A,F48_API|PERM_A,1,0,0,True
48,field,field-insensitive,F48_API|PERM_A,F48_API|PERM_A;F48_API|PERM_B,1,1,0,False
48,field,context-insensitive,F48_API|PERM_A,F48_API|PERM_A,1,0,0,True
48,field,cha,F48_API|PERM_A,F48_API|PERM_A;F48_API|PERM_B,1,1,0,False
49,field,full,F49_API|PERM_B,F49_API|PERM_B,1,0,0,True
49,field,field-insensitive,F49_API|PERM_B,F49_API|PERM_A;F49_API|PERM_B,1,1,0,False
49,field,context-insensitive,F49_API|PERM_B,F49_API|PERM_B,1,0,0,True
49,field,cha,F49_API|PERM_B,F49_API|PERM_A;F49_API|PERM_B,1,1,0,False
50,field,full,F50_API|PERM_A,F50_API|PERM_A,1,0,0,True
50,field,field-insensitive,F50_API|PERM_A,F50_API|PERM_A;F50_API|PERM_B,1,1,0,False
50,field,context-insensitive,F50_API|PERM_A,F50_API|PERM_A,1,0,0,True
50,field,cha,F50_API|PERM_A,F50_API|PERM_A;F50_API|PERM_B,1,1,0,False
51,field,full,F51_API|PERM_B,F51_API|PERM_B,1,0,0,True
51,field,field-insensitive,F51_API|PERM_B,F51_API|PERM_A;F51_API|PERM_B,1,1,0,False
51,field,context-insensitive,F51_API|PERM_B,F51_API|PERM_B,1,0,0,True
51,field,cha,F51_API|PERM_B,F51_API|PERM_A;F51_API|PERM_B,1,1,0,False
52,field,full,F52_API|PERM_A,F52_API|PERM_A,1,0,0,True
52,field,field-insensitive,F52_API|PERM_A,F52_API|PERM_A;F52_API|PERM_B,1,1,0,False
52,field,context-insensitive,F52_API|PERM_A,F52_API|PERM_A,1,0,0,True
52,field,cha,F52_API|PERM_A,F52_API|PERM_A;F52_API|PERM_B,1,1,0,False
53,field,full,F53_API|PERM_B,F53_API|PERM_B,1,0,0,True
53,field,field-insensitive,F53_API|PERM_B,F53_API|PERM_A;F53_API|PERM_B,1,1,0,False
53,field,context-insensitive,F53_API|PERM_B,F53_API|PERM_B,1,0,0,True
53,field,cha,F53_API|PERM_B,F53_API|PERM_A;F53_API|PERM_B,1,1,0,False
54,field,full,F54_API|PERM_A,F54_API|PERM_A,1,0,0,True
54,field,field-insensitive,F54_API|PERM_A,F54_API|PERM_A;F54_API|PERM_B,1,1,0,False
54,field,context-insensitive,F54_API|PERM_A,F54_API|PERM_A,1,0,0,True
54,field,cha,F54_API|PERM_A,F54_API|PERM_A;F54_API|PERM_B,1,1,0,False
55,field,full,F55_API|PERM_B,F55_API|PERM_B,1,0,0,True
55,field,field-insensitive,F55_API|PERM_B,F55_API|PERM_A;F55_API|PERM_B,1,1,0,False
55,field,context-insensitive,F55_API|PERM_B,F55_API|PERM_B,1,0,0,True
55,field,cha,F55_API|PERM_B,F55_API|PERM_A;F55_API|PERM_B,1,1,0,False
56,field,full,F56_API|PERM_A,F56_API|PERM_A,1,0,0,True
56,field,field-insensitive,F56_API|PERM_A,F56_API|PERM_A;F56_API|PERM_B,1,1,0,False
56,field,context-insensitive,F56_API|PERM_A,F56_API|PERM_A,1,0,0,True
56,field,cha,F56_API|PERM_A,F56_API|PERM_A;F56_API|PERM_B,1,1,0,False
57,field,full,F57_API|PERM_B,F57_API|PERM_B,1,0,0,True
57,field,field-insensitive,F57_API|PERM_B,F57_API|PERM_A;F57_API|PERM_B,1,1,0,False
57,field,context-insensitive,F57_API|PERM_B,F57_API|PERM_B,1,0,0,True
57,field,cha,F57_API|PERM_B,F57_API|PERM_A;F57_API|PERM_B,1,1,0,False
58,field,full,F58_API|PERM_A,F58_API|PERM_A,1,0,0,True
58,field,field-insensitive,F58_API|PERM_A,F58_API|PERM_A;F58_API|PERM_B,1,1,0,False
58,field,context-insensitive,F58_API|PERM_A,F58_API|PERM_A,1,0,0,True
58,field,cha,F58_API|PERM_A,F58_API|PERM_A;F58_API|PERM_B,1,1,0,False
59,field,full,F59_API|PERM_B,F59_API|PERM_B,1,0,0,True
59,field,field-insensitive,F59_API|PERM_B,F59_API|PERM_A;F59_API|PERM_B,1,1,0,False
59,field,context-insensitive,F59_API|PERM_B,F59_API|PERM_B,1,0,0,True
59,field,cha,F59_API|PERM_B,F59_API|PERM_A;F59_API|PERM_B,1,1,0,False
60,field,full,F60_API|PERM_A,F60_API|PERM_A,1,0,0,True
60,field,field-insensitive,F60_API|PERM_A,F60_API|PERM_A;F60_API|PERM_B,1,1,0,False
60,field,context-insensitive,F60_API|PERM_A,F60_API|PERM_A,1,0,0,True
60,field,cha,F60_API|PERM_A,F60_API|PERM_A;F60_API|PERM_B,1,1,0,False
61,field,full,F61_API|PERM_B,F61_API|PERM_B,1,0,0,True
61,field,field-insensitive,F61_API|PERM_B,F61_API|PERM_A;F61_API|PERM_B,1,1,0,False
61,field,context-insensitive,F61_API|PERM_B,F61_API|PERM_B,1,0,0,True
61,field,cha,F61_API|PERM_B,F61_API|PERM_A;F61_API|PERM_B,1,1,0,False
62,field,full,F62_API|PERM_A,F62_API|PERM_A,1,0,0,True
62,field,field-insensitive,F62_API|PERM_A,F62_API|PERM_A;F62_API|PERM_B,1,1,0,False
62,field,context-insensitive,F62_API|PERM_A,F62_API|PERM_A,1,0,0,True
62,field,cha,F62_API|PERM_A,F62_API|PERM_A;F62_API|PERM_B,1,1,0,False
63,field,full,F63_API|PERM_B,F63_API|PERM_B,1,0,0,True
63,field,field-insensitive,F63_API|PERM_B,F63_API|PERM_A;F63_API|PERM_B,1,1,0,False
63,field,context-insensitive,F63_API|PERM_B,F63_API|PERM_B,1,0,0,True
63,field,cha,F63_API|PERM_B,F63_API|PERM_A;F63_API|PERM_B,1,1,0,False
64,field,full,F64_API|PERM_A,F64_API|PERM_A,1,0,0,True
64,field,field-insensitive,F64_API|PERM_A,F64_API|PERM_A;F64_API|PERM_B,1,1,0,False
64,field,context-insensitive,F64_API|PERM_A,F64_API|PERM_A,1,0,0,True
64,field,cha,F64_API|PERM_A,F64_API|PERM_A;F64_API|PERM_B,1,1,0,False
65,field,full,F65_API|PERM_B,F65_API|PERM_B,1,0,0,True
65,field,field-insensitive,F65_API|PERM_B,F65_API|PERM_A;F65_API|PERM_B,1,1,0,False
65,field,context-insensitive,F65_API|PERM_B,F65_API|PERM_B,1,0,0,True
65,field,cha,F65_API|PERM_B,F65_API|PERM_A;F65_API|PERM_B,1,1,0,False
66,field,full,F66_API|PERM_A,F66_API|PERM_A,1,0,0,True
66,field,field-insensitive,F66_API|PERM_A,F66_API|PERM_A;F66_API|PERM_B,1,1,0,False
66,field,context-insensitive,F66_API|PERM_A,F66_API|PERM_A,1,0,0,True
66,field,cha,F66_API|PERM_A,F66_API|PERM_A;F66_API|PERM_B,1,1,0,False
67,field,full,F67_API|PERM_B,F67_API|PERM_B,1,0,0,True
67,field,field-insensitive,F67_API|PERM_B,F67_API|PERM_A;F67_API|PERM_B,1,1,0,False
67,field,context-insensitive,F67_API|PERM_B,F67_API|PERM_B,1,0,0,True
67,field,cha,F67_API|PERM_B,F67_API|PERM_A;F67_API|PERM_B,1,1,0,False
68,field,full,F68_API|PERM_A,F68_API|PERM_A,1,0,0,True
68,field,field-insensitive,F68_API|PERM_A,F68_API|PERM_A;F68_API|PERM_B,1,1,0,False
68,field,context-insensitive,F68_API|PERM_A,F68_API|PERM_A,1,0,0,True
68,field,cha,F68_API|PERM_A,F68_API|PERM_A;F68_API|PERM_B,1,1,0,False
69,field,full,F69_API|PERM_B,F69_API|PERM_B,1,0,0,True
69,field,field-insensitive,F69_API|PERM_B,F69_API|PERM_A;F69_API|PERM_B,1,1,0,False
69,field,context-insensitive,F69_API|PERM_B,F69_API|PERM_B,1,0,0,True
69,field,cha,F69_API|PERM_B,F69_API|PERM_A;F69_API|PERM_B,1,1,0,False
70,field,full,F70_API|PERM_A,F70_API|PERM_A,1,0,0,True
70,field,field-insensitive,F70_API|PERM_A,F70_API|PERM_A;F70_API|PERM_B,1,1,0,False
70,field,context-insensitive,F70_API|PERM_A,F70_API|PERM_A,1,0,0,True
70,field,cha,F70_API|PERM_A,F70_API|PERM_A;F70_API|PERM_B,1,1,0,False
71,field,full,F71_API|PERM_B,F71_API|PERM_B,1,0,0,True
71,field,field-insensitive,F71_API|PERM_B,F71_API|PERM_A;F71_API|PERM_B,1,1,0,False
71,field,context-insensitive,F71_API|PERM_B,F71_API|PERM_B,1,0,0,True
71,field,cha,F71_API|PERM_B,F71_API|PERM_A;F71_API|PERM_B,1,1,0,False
72,field,full,F72_API|PERM_A,F72_API|PERM_A,1,0,0,True
72,field,field-insensitive,F72_API|PERM_A,F72_API|PERM_A;F72_API|PERM_B,1,1,0,False
72,field,context-insensitive,F72_API|PERM_A,F72_API|PERM_A,1,0,0,True
72,field,cha,F72_API|PERM_A,F72_API|PERM_A;F72_API|PERM_B,1,1,0,False
73,field,full,F73_API|PERM_B,F73_API|PERM_B,1,0,0,True
73,field,field-insensitive,F73_API|PERM_B,F73_API|PERM_A;F73_API|PERM_B,1,1,0,False
73,field,context-insensitive,F73_API|PERM_B,F73_API|PERM_B,1,0,0,True
73,field,cha,F73_API|PERM_B,F73_API|PERM_A;F73_API|PERM_B,1,1,0,False
74,field,full,F74_API|PERM_A,F74_API|PERM_A,1,0,0,True
74,field,field-insensitive,F74_API|PERM_A,F74_API|PERM_A;F74_API|PERM_B,1,1,0,False
74,field,context-insensitive,F74_API|PERM_A,F74_API|PERM_A,1,0,0,True
74,field,cha,F74_API|PERM_A,F74_API|PERM_A;F74_API|PERM_B,1,1,0,False
75,field,full,F75_API|PERM_B,F75_API|PERM_B,1,0,0,True
75,field,field-insensitive,F75_API|PERM_B,F75_API|PERM_A;F75_API|PERM_B,1,1,0,False
75,field,context-insensitive,F75_API|PERM_B,F75_API|PERM_B,1,0,0,True
75,field,cha,F75_API|PERM_B,F75_API|PERM_A;F75_API|PERM_B,1,1,0,False
76,field,full,F76_API|PERM_A,F76_API|PERM_A,1,0,0,True
76,field,field-insensitive,F76_API|PERM_A,F76_API|PERM_A;F76_API|PERM_B,1,1,0,False
76,field,context-insensitive,F76_API|PERM_A,F76_API|PERM_A,1,0,0,True
76,field,cha,F76_API|PERM_A,F76_API|PERM_A;F76_API|PERM_B,1,1,0,False
77,field,full,F77_API|PERM_B,F77_API|PERM_B,1,0,0,True
77,field,field-insensitive,F77_API|PERM_B,F77_API|PERM_A;F77_API|PERM_B,1,1,0,False
77,field,context-insensitive,F77_API|PERM_B,F77_API|PERM_B,1,0,0,True
77,field,cha,F77_API|PERM_B,F77_API|PERM_A;F77_API|PERM_B,1,1,0,False
78,field,full,F78_API|PERM_A,F78_API|PERM_A,1,0,0,True
78,field,field-insensitive,F78_API|PERM_A,F78_API|PERM_A;F78_API|PERM_B,1,1,0,False
78,field,context-insensitive,F78_API|PERM_A,F78_API|PERM_A,1,0,0,True
78,field,cha,F78_API|PERM_A,F78_API|PERM_A;F78_API|PERM_B,1,1,0,False
79,field,full,F79_API|PERM_B,F79_API|PERM_B,1,0,0,True
79,field,field-insensitive,F79_API|PERM_B,F79_API|PERM_A;F79_API|PERM_B,1,1,0,False
79,field,context-insensitive,F79_API|PERM_B,F79_API|PERM_B,1,0,0,True
79,field,cha,F79_API|PERM_B,F79_API|PERM_A;F79_API|PERM_B,1,1,0,False
80,field,full,F80_API|PERM_A,F80_API|PERM_A,1,0,0,True
80,field,field-insensitive,F80_API|PERM_A,F80_API|PERM_A;F80_API|PERM_B,1,1,0,False
80,field,context-insensitive,F80_API|PERM_A,F80_API|PERM_A,1,0,0,True
80,field,cha,F80_API|PERM_A,F80_API|PERM_A;F80_API|PERM_B,1,1,0,False
81,field,full,F81_API|PERM_B,F81_API|PERM_B,1,0,0,True
81,field,field-insensitive,F81_API|PERM_B,F81_API|PERM_A;F81_API|PERM_B,1,1,0,False
81,field,context-insensitive,F81_API|PERM_B,F81_API|PERM_B,1,0,0,True
81,field,cha,F81_API|PERM_B,F81_API|PERM_A;F81_API|PERM_B,1,1,0,False
82,field,full,F82_API|PERM_A,F82_API|PERM_A,1,0,0,True
82,field,field-insensitive,F82_API|PERM_A,F82_API|PERM_A;F82_API|PERM_B,1,1,0,False
82,field,context-insensitive,F82_API|PERM_A,F82_API|PERM_A,1,0,0,True
82,field,cha,F82_API|PERM_A,F82_API|PERM_A;F82_API|PERM_B,1,1,0,False
83,field,full,F83_API|PERM_B,F83_API|PERM_B,1,0,0,True
83,field,field-insensitive,F83_API|PERM_B,F83_API|PERM_A;F83_API|PERM_B,1,1,0,False
83,field,context-insensitive,F83_API|PERM_B,F83_API|PERM_B,1,0,0,True
83,field,cha,F83_API|PERM_B,F83_API|PERM_A;F83_API|PERM_B,1,1,0,False
84,field,full,F84_API|PERM_A,F84_API|PERM_A,1,0,0,True
84,field,field-insensitive,F84_API|PERM_A,F84_API|PERM_A;F84_API|PERM_B,1,1,0,False
84,field,context-insensitive,F84_API|PERM_A,F84_API|PERM_A,1,0,0,True
84,field,cha,F84_API|PERM_A,F84_API|PERM_A;F84_API|PERM_B,1,1,0,False
85,field,full,F85_API|PERM_B,F85_API|PERM_B,1,0,0,True
85,field,field-insensitive,F85_API|PERM_B,F85_API|PERM_A;F85_API|PERM_B,1,1,0,False
85,field,context-insensitive,F85_API|PERM_B,F85_API|PERM_B,1,0,0,True
85,field,cha,F85_API|PERM_B,F85_API|PERM_A;F85_API|PERM_B,1,1,0,False
86,field,full,F86_API|PERM_A,F86_API|PERM_A,1,0,0,True
86,field,field-insensitive,F86_API|PERM_A,F86_API|PERM_A;F86_API|PERM_B,1,1,0,False
86,field,context-insensitive,F86_API|PERM_A,F86_API|PERM_A,1,0,0,True
86,field,cha,F86_API|PERM_A,F86_API|PERM_A;F86_API|PERM_B,1,1,0,False
87,field,full,F87_API|PERM_B,F87_API|PERM_B,1,0,0,True
87,field,field-insensitive,F87_API|PERM_B,F87_API|PERM_A;F87_API|PERM_B,1,1,0,False
87,field,context-insensitive,F87_API|PERM_B,F87_API|PERM_B,1,0,0,True
87,field,cha,F87_API|PERM_B,F87_API|PERM_A;F87_API|PERM_B,1,1,0,False
88,field,full,F88_API|PERM_A,F88_API|PERM_A,1,0,0,True
88,field,field-insensitive,F88_API|PERM_A,F88_API|PERM_A;F88_API|PERM_B,1,1,0,False
88,field,context-insensitive,F88_API|PERM_A,F88_API|PERM_A,1,0,0,True
88,field,cha,F88_API|PERM_A,F88_API|PERM_A;F88_API|PERM_B,1,1,0,False
89,field,full,F89_API|PERM_B,F89_API|PERM_B,1,0,0,True
89,field,field-insensitive,F89_API|PERM_B,F89_API|PERM_A;F89_API|PERM_B,1,1,0,False
89,field,context-insensitive,F89_API|PERM_B,F89_API|PERM_B,1,0,0,True
89,field,cha,F89_API|PERM_B,F89_API|PERM_A;F89_API|PERM_B,1,1,0,False
90,field,full,F90_API|PERM_A,F90_API|PERM_A,1,0,0,True
90,field,field-insensitive,F90_API|PERM_A,F90_API|PERM_A;F90_API|PERM_B,1,1,0,False
90,field,context-insensitive,F90_API|PERM_A,F90_API|PERM_A,1,0,0,True
90,field,cha,F90_API|PERM_A,F90_API|PERM_A;F90_API|PERM_B,1,1,0,False
91,field,full,F91_API|PERM_B,F91_API|PERM_B,1,0,0,True
91,field,field-insensitive,F91_API|PERM_B,F91_API|PERM_A;F91_API|PERM_B,1,1,0,False
91,field,context-insensitive,F91_API|PERM_B,F91_API|PERM_B,1,0,0,True
91,field,cha,F91_API|PERM_B,F91_API|PERM_A;F91_API|PERM_B,1,1,0,False
92,field,full,F92_API|PERM_A,F92_API|PERM_A,1,0,0,True
92,field,field-insensitive,F92_API|PERM_A,F92_API|PERM_A;F92_API|PERM_B,1,1,0,False
92,field,context-insensitive,F92_API|PERM_A,F92_API|PERM_A,1,0,0,True
92,field,cha,F92_API|PERM_A,F92_API|PERM_A;F92_API|PERM_B,1,1,0,False
93,field,full,F93_API|PERM_B,F93_API|PERM_B,1,0,0,True
93,field,field-insensitive,F93_API|PERM_B,F93_API|PERM_A;F93_API|PERM_B,1,1,0,False
93,field,context-insensitive,F93_API|PERM_B,F93_API|PERM_B,1,0,0,True
93,field,cha,F93_API|PERM_B,F93_API|PERM_A;F93_API|PERM_B,1,1,0,False
94,field,full,F94_API|PERM_A,F94_API|PERM_A,1,0,0,True
94,field,field-insensitive,F94_API|PERM_A,F94_API|PERM_A;F94_API|PERM_B,1,1,0,False
94,field,context-insensitive,F94_API|PERM_A,F94_API|PERM_A,1,0,0,True
94,field,cha,F94_API|PERM_A,F94_API|PERM_A;F94_API|PERM_B,1,1,0,False
95,field,full,F95_API|PERM_B,F95_API|PERM_B,1,0,0,True
95,field,field-insensitive,F95_API|PERM_B,F95_API|PERM_A;F95_API|PERM_B,1,1,0,False
95,field,context-insensitive,F95_API|PERM_B,F95_API|PERM_B,1,0,0,True
95,field,cha,F95_API|PERM_B,F95_API|PERM_A;F95_API|PERM_B,1,1,0,False
96,field,full,F96_API|PERM_A,F96_API|PERM_A,1,0,0,True
96,field,field-insensitive,F96_API|PERM_A,F96_API|PERM_A;F96_API|PERM_B,1,1,0,False
96,field,context-insensitive,F96_API|PERM_A,F96_API|PERM_A,1,0,0,True
96,field,cha,F96_API|PERM_A,F96_API|PERM_A;F96_API|PERM_B,1,1,0,False
97,field,full,F97_API|PERM_B,F97_API|PERM_B,1,0,0,True
97,field,field-insensitive,F97_API|PERM_B,F97_API|PERM_A;F97_API|PERM_B,1,1,0,False
97,field,context-insensitive,F97_API|PERM_B,F97_API|PERM_B,1,0,0,True
97,field,cha,F97_API|PERM_B,F97_API|PERM_A;F97_API|PERM_B,1,1,0,False
98,field,full,F98_API|PERM_A,F98_API|PERM_A,1,0,0,True
98,field,field-insensitive,F98_API|PERM_A,F98_API|PERM_A;F98_API|PERM_B,1,1,0,False
98,field,context-insensitive,F98_API|PERM_A,F98_API|PERM_A,1,0,0,True
98,field,cha,F98_API|PERM_A,F98_API|PERM_A;F98_API|PERM_B,1,1,0,False
99,field,full,F99_API|PERM_B,F99_API|PERM_B,1,0,0,True
99,field,field-insensitive,F99_API|PERM_B,F99_API|PERM_A;F99_API|PERM_B,1,1,0,False
99,field,context-insensitive,F99_API|PERM_B,F99_API|PERM_B,1,0,0,True
99,field,cha,F99_API|PERM_B,F99_API|PERM_A;F99_API|PERM_B,1,1,0,False
100,context,full,C0_API|PERM_A,C0_API|PERM_A,1,0,0,True
100,context,field-insensitive,C0_API|PERM_A,C0_API|PERM_A,1,0,0,True
100,context,context-insensitive,C0_API|PERM_A,C0_API|PERM_A;C0_API|PERM_B,1,1,0,False
100,context,cha,C0_API|PERM_A,C0_API|PERM_A;C0_API|PERM_B,1,1,0,False
101,context,full,C1_API|PERM_B,C1_API|PERM_B,1,0,0,True
101,context,field-insensitive,C1_API|PERM_B,C1_API|PERM_B,1,0,0,True
101,context,context-insensitive,C1_API|PERM_B,C1_API|PERM_A;C1_API|PERM_B,1,1,0,False
101,context,cha,C1_API|PERM_B,C1_API|PERM_A;C1_API|PERM_B,1,1,0,False
102,context,full,C2_API|PERM_A,C2_API|PERM_A,1,0,0,True
102,context,field-insensitive,C2_API|PERM_A,C2_API|PERM_A,1,0,0,True
102,context,context-insensitive,C2_API|PERM_A,C2_API|PERM_A;C2_API|PERM_B,1,1,0,False
102,context,cha,C2_API|PERM_A,C2_API|PERM_A;C2_API|PERM_B,1,1,0,False
103,context,full,C3_API|PERM_B,C3_API|PERM_B,1,0,0,True
103,context,field-insensitive,C3_API|PERM_B,C3_API|PERM_B,1,0,0,True
103,context,context-insensitive,C3_API|PERM_B,C3_API|PERM_A;C3_API|PERM_B,1,1,0,False
103,context,cha,C3_API|PERM_B,C3_API|PERM_A;C3_API|PERM_B,1,1,0,False
104,context,full,C4_API|PERM_A,C4_API|PERM_A,1,0,0,True
104,context,field-insensitive,C4_API|PERM_A,C4_API|PERM_A,1,0,0,True
104,context,context-insensitive,C4_API|PERM_A,C4_API|PERM_A;C4_API|PERM_B,1,1,0,False
104,context,cha,C4_API|PERM_A,C4_API|PERM_A;C4_API|PERM_B,1,1,0,False
105,context,full,C5_API|PERM_B,C5_API|PERM_B,1,0,0,True
105,context,field-insensitive,C5_API|PERM_B,C5_API|PERM_B,1,0,0,True
105,context,context-insensitive,C5_API|PERM_B,C5_API|PERM_A;C5_API|PERM_B,1,1,0,False
105,context,cha,C5_API|PERM_B,C5_API|PERM_A;C5_API|PERM_B,1,1,0,False
106,context,full,C6_API|PERM_A,C6_API|PERM_A,1,0,0,True
106,context,field-insensitive,C6_API|PERM_A,C6_API|PERM_A,1,0,0,True
106,context,context-insensitive,C6_API|PERM_A,C6_API|PERM_A;C6_API|PERM_B,1,1,0,False
106,context,cha,C6_API|PERM_A,C6_API|PERM_A;C6_API|PERM_B,1,1,0,False
107,context,full,C7_API|PERM_B,C7_API|PERM_B,1,0,0,True
107,context,field-insensitive,C7_API|PERM_B,C7_API|PERM_B,1,0,0,True
107,context,context-insensitive,C7_API|PERM_B,C7_API|PERM_A;C7_API|PERM_B,1,1,0,False
107,context,cha,C7_API|PERM_B,C7_API|PERM_A;C7_API|PERM_B,1,1,0,False
108,context,full,C8_API|PERM_A,C8_API|PERM_A,1,0,0,True
108,context,field-insensitive,C8_API|PERM_A,C8_API|PERM_A,1,0,0,True
108,context,context-insensitive,C8_API|PERM_A,C8_API|PERM_A;C8_API|PERM_B,1,1,0,False
108,context,cha,C8_API|PERM_A,C8_API|PERM_A;C8_API|PERM_B,1,1,0,False
109,context,full,C9_API|PERM_B,C9_API|PERM_B,1,0,0,True
109,context,field-insensitive,C9_API|PERM_B,C9_API|PERM_B,1,0,0,True
109,context,context-insensitive,C9_API|PERM_B,C9_API|PERM_A;C9_API|PERM_B,1,1,0,False
109,context,cha,C9_API|PERM_B,C9_API|PERM_A;C9_API|PERM_B,1,1,0,False
110,context,full,C10_API|PERM_A,C10_API|PERM_A,1,0,0,True
110,context,field-insensitive,C10_API|PERM_A,C10_API|PERM_A,1,0,0,True
110,context,context-insensitive,C10_API|PERM_A,C10_API|PERM_A;C10_API|PERM_B,1,1,0,False
110,context,cha,C10_API|PERM_A,C10_API|PERM_A;C10_API|PERM_B,1,1,0,False
111,context,full,C11_API|PERM_B,C11_API|PERM_B,1,0,0,True
111,context,field-insensitive,C11_API|PERM_B,C11_API|PERM_B,1,0,0,True
111,context,context-insensitive,C11_API|PERM_B,C11_API|PERM_A;C11_API|PERM_B,1,1,0,False
111,context,cha,C11_API|PERM_B,C11_API|PERM_A;C11_API|PERM_B,1,1,0,False
112,context,full,C12_API|PERM_A,C12_API|PERM_A,1,0,0,True
112,context,field-insensitive,C12_API|PERM_A,C12_API|PERM_A,1,0,0,True
112,context,context-insensitive,C12_API|PERM_A,C12_API|PERM_A;C12_API|PERM_B,1,1,0,False
112,context,cha,C12_API|PERM_A,C12_API|PERM_A;C12_API|PERM_B,1,1,0,False
113,context,full,C13_API|PERM_B,C13_API|PERM_B,1,0,0,True
113,context,field-insensitive,C13_API|PERM_B,C13_API|PERM_B,1,0,0,True
113,context,context-insensitive,C13_API|PERM_B,C13_API|PERM_A;C13_API|PERM_B,1,1,0,False
113,context,cha,C13_API|PERM_B,C13_API|PERM_A;C13_API|PERM_B,1,1,0,False
114,context,full,C14_API|PERM_A,C14_API|PERM_A,1,0,0,True
114,context,field-insensitive,C14_API|PERM_A,C14_API|PERM_A,1,0,0,True
114,context,context-insensitive,C14_API|PERM_A,C14_API|PERM_A;C14_API|PERM_B,1,1,0,False
114,context,cha,C14_API|PERM_A,C14_API|PERM_A;C14_API|PERM_B,1,1,0,False
115,context,full,C15_API|PERM_B,C15_API|PERM_B,1,0,0,True
115,context,field-insensitive,C15_API|PERM_B,C15_API|PERM_B,1,0,0,True
115,context,context-insensitive,C15_API|PERM_B,C15_API|PERM_A;C15_API|PERM_B,1,1,0,False
115,context,cha,C15_API|PERM_B,C15_API|PERM_A;C15_API|PERM_B,1,1,0,False
116,context,full,C16_API|PERM_A,C16_API|PERM_A,1,0,0,True
116,context,field-insensitive,C16_API|PERM_A,C16_API|PERM_A,1,0,0,True
116,context,context-insensitive,C16_API|PERM_A,C16_API|PERM_A;C16_API|PERM_B,1,1,0,False
116,context,cha,C16_API|PERM_A,C16_API|PERM_A;C16_API|PERM_B,1,1,0,False
117,context,full,C17_API|PERM_B,C17_API|PERM_B,1,0,0,True
117,context,field-insensitive,C17_API|PERM_B,C17_API|PERM_B,1,0,0,True
117,context,context-insensitive,C17_API|PERM_B,C17_API|PERM_A;C17_API|PERM_B,1,1,0,False
117,context,cha,C17_API|PERM_B,C17_API|PERM_A;C17_API|PERM_B,1,1,0,False
118,context,full,C18_API|PERM_A,C18_API|PERM_A,1,0,0,True
118,context,field-insensitive,C18_API|PERM_A,C18_API|PERM_A,1,0,0,True
118,context,context-insensitive,C18_API|PERM_A,C18_API|PERM_A;C18_API|PERM_B,1,1,0,False
118,context,cha,C18_API|PERM_A,C18_API|PERM_A;C18_API|PERM_B,1,1,0,False
119,context,full,C19_API|PERM_B,C19_API|PERM_B,1,0,0,True
119,context,field-insensitive,C19_API|PERM_B,C19_API|PERM_B,1,0,0,True
119,context,context-insensitive,C19_API|PERM_B,C19_API|PERM_A;C19_API|PERM_B,1,1,0,False
119,context,cha,C19_API|PERM_B,C19_API|PERM_A;C19_API|PERM_B,1,1,0,False
120,context,full,C20_API|PERM_A,C20_API|PERM_A,1,0,0,True
120,context,field-insensitive,C20_API|PERM_A,C20_API|PERM_A,1,0,0,True
120,context,context-insensitive,C20_API|PERM_A,C20_API|PERM_A;C20_API|PERM_B,1,1,0,False
120,context,cha,C20_API|PERM_A,C20_API|PERM_A;C20_API|PERM_B,1,1,0,False
121,context,full,C21_API|PERM_B,C21_API|PERM_B,1,0,0,True
121,context,field-insensitive,C21_API|PERM_B,C21_API|PERM_B,1,0,0,True
121,context,context-insensitive,C21_API|PERM_B,C21_API|PERM_A;C21_API|PERM_B,1,1,0,False
121,context,cha,C21_API|PERM_B,C21_API|PERM_A;C21_API|PERM_B,1,1,0,False
122,context,full,C22_API|PERM_A,C22_API|PERM_A,1,0,0,True
122,context,field-insensitive,C22_API|PERM_A,C22_API|PERM_A,1,0,0,True
122,context,context-insensitive,C22_API|PERM_A,C22_API|PERM_A;C22_API|PERM_B,1,1,0,False
122,context,cha,C22_API|PERM_A,C22_API|PERM_A;C22_API|PERM_B,1,1,0,False
123,context,full,C23_API|PERM_B,C23_API|PERM_B,1,0,0,True
123,context,field-insensitive,C23_API|PERM_B,C23_API|PERM_B,1,0,0,True
123,context,context-insensitive,C23_API|PERM_B,C23_API|PERM_A;C23_API|PERM_B,1,1,0,False
123,context,cha,C23_API|PERM_B,C23_API|PERM_A;C23_API|PERM_B,1,1,0,False
124,context,full,C24_API|PERM_A,C24_API|PERM_A,1,0,0,True
124,context,field-insensitive,C24_API|PERM_A,C24_API|PERM_A,1,0,0,True
124,context,context-insensitive,C24_API|PERM_A,C24_API|PERM_A;C24_API|PERM_B,1,1,0,False
124,context,cha,C24_API|PERM_A,C24_API|PERM_A;C24_API|PERM_B,1,1,0,False
125,context,full,C25_API|PERM_B,C25_API|PERM_B,1,0,0,True
125,context,field-insensitive,C25_API|PERM_B,C25_API|PERM_B,1,0,0,True
125,context,context-insensitive,C25_API|PERM_B,C25_API|PERM_A;C25_API|PERM_B,1,1,0,False
125,context,cha,C25_API|PERM_B,C25_API|PERM_A;C25_API|PERM_B,1,1,0,False
126,context,full,C26_API|PERM_A,C26_API|PERM_A,1,0,0,True
126,context,field-insensitive,C26_API|PERM_A,C26_API|PERM_A,1,0,0,True
126,context,context-insensitive,C26_API|PERM_A,C26_API|PERM_A;C26_API|PERM_B,1,1,0,False
126,context,cha,C26_API|PERM_A,C26_API|PERM_A;C26_API|PERM_B,1,1,0,False
127,context,full,C27_API|PERM_B,C27_API|PERM_B,1,0,0,True
127,context,field-insensitive,C27_API|PERM_B,C27_API|PERM_B,1,0,0,True
127,context,context-insensitive,C27_API|PERM_B,C27_API|PERM_A;C27_API|PERM_B,1,1,0,False
127,context,cha,C27_API|PERM_B,C27_API|PERM_A;C27_API|PERM_B,1,1,0,False
128,context,full,C28_API|PERM_A,C28_API|PERM_A,1,0,0,True
128,context,field-insensitive,C28_API|PERM_A,C28_API|PERM_A,1,0,0,True
128,context,context-insensitive,C28_API|PERM_A,C28_API|PERM_A;C28_API|PERM_B,1,1,0,False
128,context,cha,C28_API|PERM_A,C28_API|PERM_A;C28_API|PERM_B,1,1,0,False
129,context,full,C29_API|PERM_B,C29_API|PERM_B,1,0,0,True
129,context,field-insensitive,C29_API|PERM_B,C29_API|PERM_B,1,0,0,True
129,context,context-insensitive,C29_API|PERM_B,C29_API|PERM_A;C29_API|PERM_B,1,1,0,False
129,context,cha,C29_API|PERM_B,C29_API|PERM_A;C29_API|PERM_B,1,1,0,False
130,context,full,C30_API|PERM_A,C30_API|PERM_A,1,0,0,True
130,context,field-insensitive,C30_API|PERM_A,C30_API|PERM_A,1,0,0,True
130,context,context-insensitive,C30_API|PERM_A,C30_API|PERM_A;C30_API|PERM_B,1,1,0,False
130,context,cha,C30_API|PERM_A,C30_API|PERM_A;C30_API|PERM_B,1,1,0,False
131,context,full,C31_API|PERM_B,C31_API|PERM_B,1,0,0,True
131,context,field-insensitive,C31_API|PERM_B,C31_API|PERM_B,1,0,0,True
131,context,context-insensitive,C31_API|PERM_B,C31_API|PERM_A;C31_API|PERM_B,1,1,0,False
131,context,cha,C31_API|PERM_B,C31_API|PERM_A;C31_API|PERM_B,1,1,0,False
132,context,full,C32_API|PERM_A,C32_API|PERM_A,1,0,0,True
132,context,field-insensitive,C32_API|PERM_A,C32_API|PERM_A,1,0,0,True
132,context,context-insensitive,C32_API|PERM_A,C32_API|PERM_A;C32_API|PERM_B,1,1,0,False
132,context,cha,C32_API|PERM_A,C32_API|PERM_A;C32_API|PERM_B,1,1,0,False
133,context,full,C33_API|PERM_B,C33_API|PERM_B,1,0,0,True
133,context,field-insensitive,C33_API|PERM_B,C33_API|PERM_B,1,0,0,True
133,context,context-insensitive,C33_API|PERM_B,C33_API|PERM_A;C33_API|PERM_B,1,1,0,False
133,context,cha,C33_API|PERM_B,C33_API|PERM_A;C33_API|PERM_B,1,1,0,False
134,context,full,C34_API|PERM_A,C34_API|PERM_A,1,0,0,True
134,context,field-insensitive,C34_API|PERM_A,C34_API|PERM_A,1,0,0,True
134,context,context-insensitive,C34_API|PERM_A,C34_API|PERM_A;C34_API|PERM_B,1,1,0,False
134,context,cha,C34_API|PERM_A,C34_API|PERM_A;C34_API|PERM_B,1,1,0,False
135,context,full,C35_API|PERM_B,C35_API|PERM_B,1,0,0,True
135,context,field-insensitive,C35_API|PERM_B,C35_API|PERM_B,1,0,0,True
135,context,context-insensitive,C35_API|PERM_B,C35_API|PERM_A;C35_API|PERM_B,1,1,0,False
135,context,cha,C35_API|PERM_B,C35_API|PERM_A;C35_API|PERM_B,1,1,0,False
136,context,full,C36_API|PERM_A,C36_API|PERM_A,1,0,0,True
136,context,field-insensitive,C36_API|PERM_A,C36_API|PERM_A,1,0,0,True
136,context,context-insensitive,C36_API|PERM_A,C36_API|PERM_A;C36_API|PERM_B,1,1,0,False
136,context,cha,C36_API|PERM_A,C36_API|PERM_A;C36_API|PERM_B,1,1,0,False
137,context,full,C37_API|PERM_B,C37_API|PERM_B,1,0,0,True
137,context,field-insensitive,C37_API|PERM_B,C37_API|PERM_B,1,0,0,True
137,context,context-insensitive,C37_API|PERM_B,C37_API|PERM_A;C37_API|PERM_B,1,1,0,False
137,context,cha,C37_API|PERM_B,C37_API|PERM_A;C37_API|PERM_B,1,1,0,False
138,context,full,C38_API|PERM_A,C38_API|PERM_A,1,0,0,True
138,context,field-insensitive,C38_API|PERM_A,C38_API|PERM_A,1,0,0,True
138,context,context-insensitive,C38_API|PERM_A,C38_API|PERM_A;C38_API|PERM_B,1,1,0,False
138,context,cha,C38_API|PERM_A,C38_API|PERM_A;C38_API|PERM_B,1,1,0,False
139,context,full,C39_API|PERM_B,C39_API|PERM_B,1,0,0,True
139,context,field-insensitive,C39_API|PERM_B,C39_API|PERM_B,1,0,0,True
139,context,context-insensitive,C39_API|PERM_B,C39_API|PERM_A;C39_API|PERM_B,1,1,0,False
139,context,cha,C39_API|PERM_B,C39_API|PERM_A;C39_API|PERM_B,1,1,0,False
140,context,full,C40_API|PERM_A,C40_API|PERM_A,1,0,0,True
140,context,field-insensitive,C40_API|PERM_A,C40_API|PERM_A,1,0,0,True
140,context,context-insensitive,C40_API|PERM_A,C40_API|PERM_A;C40_API|PERM_B,1,1,0,False
140,context,cha,C40_API|PERM_A,C40_API|PERM_A;C40_API|PERM_B,1,1,0,False
141,context,full,C41_API|PERM_B,C41_API|PERM_B,1,0,0,True
141,context,field-insensitive,C41_API|PERM_B,C41_API|PERM_B,1,0,0,True
141,context,context-insensitive,C41_API|PERM_B,C41_API|PERM_A;C41_API|PERM_B,1,1,0,False
141,context,cha,C41_API|PERM_B,C41_API|PERM_A;C41_API|PERM_B,1,1,0,False
142,context,full,C42_API|PERM_A,C42_API|PERM_A,1,0,0,True
142,context,field-insensitive,C42_API|PERM_A,C42_API|PERM_A,1,0,0,True
142,context,context-insensitive,C42_API|PERM_A,C42_API|PERM_A;C42_API|PERM_B,1,1,0,False
142,context,cha,C42_API|PERM_A,C42_API|PERM_A;C42_API|PERM_B,1,1,0,False
143,context,full,C43_API|PERM_B,C43_API|PERM_B,1,0,0,True
143,context,field-insensitive,C43_API|PERM_B,C43_API|PERM_B,1,0,0,True
143,context,context-insensitive,C43_API|PERM_B,C43_API|PERM_A;C43_API|PERM_B,1,1,0,False
143,context,cha,C43_API|PERM_B,C43_API|PERM_A;C43_API|PERM_B,1,1,0,False
144,context,full,C44_API|PERM_A,C44_API|PERM_A,1,0,0,True
144,context,field-insensitive,C44_API|PERM_A,C44_API|PERM_A,1,0,0,True
144,context,context-insensitive,C44_API|PERM_A,C44_API|PERM_A;C44_API|PERM_B,1,1,0,False
144,context,cha,C44_API|PERM_A,C44_API|PERM_A;C44_API|PERM_B,1,1,0,False
145,context,full,C45_API|PERM_B,C45_API|PERM_B,1,0,0,True
145,context,field-insensitive,C45_API|PERM_B,C45_API|PERM_B,1,0,0,True
145,context,context-insensitive,C45_API|PERM_B,C45_API|PERM_A;C45_API|PERM_B,1,1,0,False
145,context,cha,C45_API|PERM_B,C45_API|PERM_A;C45_API|PERM_B,1,1,0,False
146,context,full,C46_API|PERM_A,C46_API|PERM_A,1,0,0,True
146,context,field-insensitive,C46_API|PERM_A,C46_API|PERM_A,1,0,0,True
146,context,context-insensitive,C46_API|PERM_A,C46_API|PERM_A;C46_API|PERM_B,1,1,0,False
146,context,cha,C46_API|PERM_A,C46_API|PERM_A;C46_API|PERM_B,1,1,0,False
147,context,full,C47_API|PERM_B,C47_API|PERM_B,1,0,0,True
147,context,field-insensitive,C47_API|PERM_B,C47_API|PERM_B,1,0,0,True
147,context,context-insensitive,C47_API|PERM_B,C47_API|PERM_A;C47_API|PERM_B,1,1,0,False
147,context,cha,C47_API|PERM_B,C47_API|PERM_A;C47_API|PERM_B,1,1,0,False
148,context,full,C48_API|PERM_A,C48_API|PERM_A,1,0,0,True
148,context,field-insensitive,C48_API|PERM_A,C48_API|PERM_A,1,0,0,True
148,context,context-insensitive,C48_API|PERM_A,C48_API|PERM_A;C48_API|PERM_B,1,1,0,False
148,context,cha,C48_API|PERM_A,C48_API|PERM_A;C48_API|PERM_B,1,1,0,False
149,context,full,C49_API|PERM_B,C49_API|PERM_B,1,0,0,True
149,context,field-insensitive,C49_API|PERM_B,C49_API|PERM_B,1,0,0,True
149,context,context-insensitive,C49_API|PERM_B,C49_API|PERM_A;C49_API|PERM_B,1,1,0,False
149,context,cha,C49_API|PERM_B,C49_API|PERM_A;C49_API|PERM_B,1,1,0,False
150,context,full,C50_API|PERM_A,C50_API|PERM_A,1,0,0,True
150,context,field-insensitive,C50_API|PERM_A,C50_API|PERM_A,1,0,0,True
150,context,context-insensitive,C50_API|PERM_A,C50_API|PERM_A;C50_API|PERM_B,1,1,0,False
150,context,cha,C50_API|PERM_A,C50_API|PERM_A;C50_API|PERM_B,1,1,0,False
151,context,full,C51_API|PERM_B,C51_API|PERM_B,1,0,0,True
151,context,field-insensitive,C51_API|PERM_B,C51_API|PERM_B,1,0,0,True
151,context,context-insensitive,C51_API|PERM_B,C51_API|PERM_A;C51_API|PERM_B,1,1,0,False
151,context,cha,C51_API|PERM_B,C51_API|PERM_A;C51_API|PERM_B,1,1,0,False
152,context,full,C52_API|PERM_A,C52_API|PERM_A,1,0,0,True
152,context,field-insensitive,C52_API|PERM_A,C52_API|PERM_A,1,0,0,True
152,context,context-insensitive,C52_API|PERM_A,C52_API|PERM_A;C52_API|PERM_B,1,1,0,False
152,context,cha,C52_API|PERM_A,C52_API|PERM_A;C52_API|PERM_B,1,1,0,False
153,context,full,C53_API|PERM_B,C53_API|PERM_B,1,0,0,True
153,context,field-insensitive,C53_API|PERM_B,C53_API|PERM_B,1,0,0,True
153,context,context-insensitive,C53_API|PERM_B,C53_API|PERM_A;C53_API|PERM_B,1,1,0,False
153,context,cha,C53_API|PERM_B,C53_API|PERM_A;C53_API|PERM_B,1,1,0,False
154,context,full,C54_API|PERM_A,C54_API|PERM_A,1,0,0,True
154,context,field-insensitive,C54_API|PERM_A,C54_API|PERM_A,1,0,0,True
154,context,context-insensitive,C54_API|PERM_A,C54_API|PERM_A;C54_API|PERM_B,1,1,0,False
154,context,cha,C54_API|PERM_A,C54_API|PERM_A;C54_API|PERM_B,1,1,0,False
155,context,full,C55_API|PERM_B,C55_API|PERM_B,1,0,0,True
155,context,field-insensitive,C55_API|PERM_B,C55_API|PERM_B,1,0,0,True
155,context,context-insensitive,C55_API|PERM_B,C55_API|PERM_A;C55_API|PERM_B,1,1,0,False
155,context,cha,C55_API|PERM_B,C55_API|PERM_A;C55_API|PERM_B,1,1,0,False
156,context,full,C56_API|PERM_A,C56_API|PERM_A,1,0,0,True
156,context,field-insensitive,C56_API|PERM_A,C56_API|PERM_A,1,0,0,True
156,context,context-insensitive,C56_API|PERM_A,C56_API|PERM_A;C56_API|PERM_B,1,1,0,False
156,context,cha,C56_API|PERM_A,C56_API|PERM_A;C56_API|PERM_B,1,1,0,False
157,context,full,C57_API|PERM_B,C57_API|PERM_B,1,0,0,True
157,context,field-insensitive,C57_API|PERM_B,C57_API|PERM_B,1,0,0,True
157,context,context-insensitive,C57_API|PERM_B,C57_API|PERM_A;C57_API|PERM_B,1,1,0,False
157,context,cha,C57_API|PERM_B,C57_API|PERM_A;C57_API|PERM_B,1,1,0,False
158,context,full,C58_API|PERM_A,C58_API|PERM_A,1,0,0,True
158,context,field-insensitive,C58_API|PERM_A,C58_API|PERM_A,1,0,0,True
158,context,context-insensitive,C58_API|PERM_A,C58_API|PERM_A;C58_API|PERM_B,1,1,0,False
158,context,cha,C58_API|PERM_A,C58_API|PERM_A;C58_API|PERM_B,1,1,0,False
159,context,full,C59_API|PERM_B,C59_API|PERM_B,1,0,0,True
159,context,field-insensitive,C59_API|PERM_B,C59_API|PERM_B,1,0,0,True
159,context,context-insensitive,C59_API|PERM_B,C59_API|PERM_A;C59_API|PERM_B,1,1,0,False
159,context,cha,C59_API|PERM_B,C59_API|PERM_A;C59_API|PERM_B,1,1,0,False
160,context,full,C60_API|PERM_A,C60_API|PERM_A,1,0,0,True
160,context,field-insensitive,C60_API|PERM_A,C60_API|PERM_A,1,0,0,True
160,context,context-insensitive,C60_API|PERM_A,C60_API|PERM_A;C60_API|PERM_B,1,1,0,False
160,context,cha,C60_API|PERM_A,C60_API|PERM_A;C60_API|PERM_B,1,1,0,False
161,context,full,C61_API|PERM_B,C61_API|PERM_B,1,0,0,True
161,context,field-insensitive,C61_API|PERM_B,C61_API|PERM_B,1,0,0,True
161,context,context-insensitive,C61_API|PERM_B,C61_API|PERM_A;C61_API|PERM_B,1,1,0,False
161,context,cha,C61_API|PERM_B,C61_API|PERM_A;C61_API|PERM_B,1,1,0,False
162,context,full,C62_API|PERM_A,C62_API|PERM_A,1,0,0,True
162,context,field-insensitive,C62_API|PERM_A,C62_API|PERM_A,1,0,0,True
162,context,context-insensitive,C62_API|PERM_A,C62_API|PERM_A;C62_API|PERM_B,1,1,0,False
162,context,cha,C62_API|PERM_A,C62_API|PERM_A;C62_API|PERM_B,1,1,0,False
163,context,full,C63_API|PERM_B,C63_API|PERM_B,1,0,0,True
163,context,field-insensitive,C63_API|PERM_B,C63_API|PERM_B,1,0,0,True
163,context,context-insensitive,C63_API|PERM_B,C63_API|PERM_A;C63_API|PERM_B,1,1,0,False
163,context,cha,C63_API|PERM_B,C63_API|PERM_A;C63_API|PERM_B,1,1,0,False
164,context,full,C64_API|PERM_A,C64_API|PERM_A,1,0,0,True
164,context,field-insensitive,C64_API|PERM_A,C64_API|PERM_A,1,0,0,True
164,context,context-insensitive,C64_API|PERM_A,C64_API|PERM_A;C64_API|PERM_B,1,1,0,False
164,context,cha,C64_API|PERM_A,C64_API|PERM_A;C64_API|PERM_B,1,1,0,False
165,context,full,C65_API|PERM_B,C65_API|PERM_B,1,0,0,True
165,context,field-insensitive,C65_API|PERM_B,C65_API|PERM_B,1,0,0,True
165,context,context-insensitive,C65_API|PERM_B,C65_API|PERM_A;C65_API|PERM_B,1,1,0,False
165,context,cha,C65_API|PERM_B,C65_API|PERM_A;C65_API|PERM_B,1,1,0,False
166,context,full,C66_API|PERM_A,C66_API|PERM_A,1,0,0,True
166,context,field-insensitive,C66_API|PERM_A,C66_API|PERM_A,1,0,0,True
166,context,context-insensitive,C66_API|PERM_A,C66_API|PERM_A;C66_API|PERM_B,1,1,0,False
166,context,cha,C66_API|PERM_A,C66_API|PERM_A;C66_API|PERM_B,1,1,0,False
167,context,full,C67_API|PERM_B,C67_API|PERM_B,1,0,0,True
167,context,field-insensitive,C67_API|PERM_B,C67_API|PERM_B,1,0,0,True
167,context,context-insensitive,C67_API|PERM_B,C67_API|PERM_A;C67_API|PERM_B,1,1,0,False
167,context,cha,C67_API|PERM_B,C67_API|PERM_A;C67_API|PERM_B,1,1,0,False
168,context,full,C68_API|PERM_A,C68_API|PERM_A,1,0,0,True
168,context,field-insensitive,C68_API|PERM_A,C68_API|PERM_A,1,0,0,True
168,context,context-insensitive,C68_API|PERM_A,C68_API|PERM_A;C68_API|PERM_B,1,1,0,False
168,context,cha,C68_API|PERM_A,C68_API|PERM_A;C68_API|PERM_B,1,1,0,False
169,context,full,C69_API|PERM_B,C69_API|PERM_B,1,0,0,True
169,context,field-insensitive,C69_API|PERM_B,C69_API|PERM_B,1,0,0,True
169,context,context-insensitive,C69_API|PERM_B,C69_API|PERM_A;C69_API|PERM_B,1,1,0,False
169,context,cha,C69_API|PERM_B,C69_API|PERM_A;C69_API|PERM_B,1,1,0,False
170,context,full,C70_API|PERM_A,C70_API|PERM_A,1,0,0,True
170,context,field-insensitive,C70_API|PERM_A,C70_API|PERM_A,1,0,0,True
170,context,context-insensitive,C70_API|PERM_A,C70_API|PERM_A;C70_API|PERM_B,1,1,0,False
170,context,cha,C70_API|PERM_A,C70_API|PERM_A;C70_API|PERM_B,1,1,0,False
171,context,full,C71_API|PERM_B,C71_API|PERM_B,1,0,0,True
171,context,field-insensitive,C71_API|PERM_B,C71_API|PERM_B,1,0,0,True
171,context,context-insensitive,C71_API|PERM_B,C71_API|PERM_A;C71_API|PERM_B,1,1,0,False
171,context,cha,C71_API|PERM_B,C71_API|PERM_A;C71_API|PERM_B,1,1,0,False
172,context,full,C72_API|PERM_A,C72_API|PERM_A,1,0,0,True
172,context,field-insensitive,C72_API|PERM_A,C72_API|PERM_A,1,0,0,True
172,context,context-insensitive,C72_API|PERM_A,C72_API|PERM_A;C72_API|PERM_B,1,1,0,False
172,context,cha,C72_API|PERM_A,C72_API|PERM_A;C72_API|PERM_B,1,1,0,False
173,context,full,C73_API|PERM_B,C73_API|PERM_B,1,0,0,True
173,context,field-insensitive,C73_API|PERM_B,C73_API|PERM_B,1,0,0,True
173,context,context-insensitive,C73_API|PERM_B,C73_API|PERM_A;C73_API|PERM_B,1,1,0,False
173,context,cha,C73_API|PERM_B,C73_API|PERM_A;C73_API|PERM_B,1,1,0,False
174,context,full,C74_API|PERM_A,C74_API|PERM_A,1,0,0,True
174,context,field-insensitive,C74_API|PERM_A,C74_API|PERM_A,1,0,0,True
174,context,context-insensitive,C74_API|PERM_A,C74_API|PERM_A;C74_API|PERM_B,1,1,0,False
174,context,cha,C74_API|PERM_A,C74_API|PERM_A;C74_API|PERM_B,1,1,0,False
175,context,full,C75_API|PERM_B,C75_API|PERM_B,1,0,0,True
175,context,field-insensitive,C75_API|PERM_B,C75_API|PERM_B,1,0,0,True
175,context,context-insensitive,C75_API|PERM_B,C75_API|PERM_A;C75_API|PERM_B,1,1,0,False
175,context,cha,C75_API|PERM_B,C75_API|PERM_A;C75_API|PERM_B,1,1,0,False
176,context,full,C76_API|PERM_A,C76_API|PERM_A,1,0,0,True
176,context,field-insensitive,C76_API|PERM_A,C76_API|PERM_A,1,0,0,True
176,context,context-insensitive,C76_API|PERM_A,C76_API|PERM_A;C76_API|PERM_B,1,1,0,False
176,context,cha,C76_API|PERM_A,C76_API|PERM_A;C76_API|PERM_B,1,1,0,False
177,context,full,C77_API|PERM_B,C77_API|PERM_B,1,0,0,True
177,context,field-insensitive,C77_API|PERM_B,C77_API|PERM_B,1,0,0,True
177,context,context-insensitive,C77_API|PERM_B,C77_API|PERM_A;C77_API|PERM_B,1,1,0,False
177,context,cha,C77_API|PERM_B,C77_API|PERM_A;C77_API|PERM_B,1,1,0,False
178,context,full,C78_API|PERM_A,C78_API|PERM_A,1,0,0,True
178,context,field-insensitive,C78_API|PERM_A,C78_API|PERM_A,1,0,0,True
178,context,context-insensitive,C78_API|PERM_A,C78_API|PERM_A;C78_API|PERM_B,1,1,0,False
178,context,cha,C78_API|PERM_A,C78_API|PERM_A;C78_API|PERM_B,1,1,0,False
179,context,full,C79_API|PERM_B,C79_API|PERM_B,1,0,0,True
179,context,field-insensitive,C79_API|PERM_B,C79_API|PERM_B,1,0,0,True
179,context,context-insensitive,C79_API|PERM_B,C79_API|PERM_A;C79_API|PERM_B,1,1,0,False
179,context,cha,C79_API|PERM_B,C79_API|PERM_A;C79_API|PERM_B,1,1,0,False
180,context,full,C80_API|PERM_A,C80_API|PERM_A,1,0,0,True
180,context,field-insensitive,C80_API|PERM_A,C80_API|PERM_A,1,0,0,True
180,context,context-insensitive,C80_API|PERM_A,C80_API|PERM_A;C80_API|PERM_B,1,1,0,False
180,context,cha,C80_API|PERM_A,C80_API|PERM_A;C80_API|PERM_B,1,1,0,False
181,context,full,C81_API|PERM_B,C81_API|PERM_B,1,0,0,True
181,context,field-insensitive,C81_API|PERM_B,C81_API|PERM_B,1,0,0,True
181,context,context-insensitive,C81_API|PERM_B,C81_API|PERM_A;C81_API|PERM_B,1,1,0,False
181,context,cha,C81_API|PERM_B,C81_API|PERM_A;C81_API|PERM_B,1,1,0,False
182,context,full,C82_API|PERM_A,C82_API|PERM_A,1,0,0,True
182,context,field-insensitive,C82_API|PERM_A,C82_API|PERM_A,1,0,0,True
182,context,context-insensitive,C82_API|PERM_A,C82_API|PERM_A;C82_API|PERM_B,1,1,0,False
182,context,cha,C82_API|PERM_A,C82_API|PERM_A;C82_API|PERM_B,1,1,0,False
183,context,full,C83_API|PERM_B,C83_API|PERM_B,1,0,0,True
183,context,field-insensitive,C83_API|PERM_B,C83_API|PERM_B,1,0,0,True
183,context,context-insensitive,C83_API|PERM_B,C83_API|PERM_A;C83_API|PERM_B,1,1,0,False
183,context,cha,C83_API|PERM_B,C83_API|PERM_A;C83_API|PERM_B,1,1,0,False
184,context,full,C84_API|PERM_A,C84_API|PERM_A,1,0,0,True
184,context,field-insensitive,C84_API|PERM_A,C84_API|PERM_A,1,0,0,True
184,context,context-insensitive,C84_API|PERM_A,C84_API|PERM_A;C84_API|PERM_B,1,1,0,False
184,context,cha,C84_API|PERM_A,C84_API|PERM_A;C84_API|PERM_B,1,1,0,False
185,context,full,C85_API|PERM_B,C85_API|PERM_B,1,0,0,True
185,context,field-insensitive,C85_API|PERM_B,C85_API|PERM_B,1,0,0,True
185,context,context-insensitive,C85_API|PERM_B,C85_API|PERM_A;C85_API|PERM_B,1,1,0,False
185,context,cha,C85_API|PERM_B,C85_API|PERM_A;C85_API|PERM_B,1,1,0,False
186,context,full,C86_API|PERM_A,C86_API|PERM_A,1,0,0,True
186,context,field-insensitive,C86_API|PERM_A,C86_API|PERM_A,1,0,0,True
186,context,context-insensitive,C86_API|PERM_A,C86_API|PERM_A;C86_API|PERM_B,1,1,0,False
186,context,cha,C86_API|PERM_A,C86_API|PERM_A;C86_API|PERM_B,1,1,0,False
187,context,full,C87_API|PERM_B,C87_API|PERM_B,1,0,0,True
187,context,field-insensitive,C87_API|PERM_B,C87_API|PERM_B,1,0,0,True
187,context,context-insensitive,C87_API|PERM_B,C87_API|PERM_A;C87_API|PERM_B,1,1,0,False
187,context,cha,C87_API|PERM_B,C87_API|PERM_A;C87_API|PERM_B,1,1,0,False
188,context,full,C88_API|PERM_A,C88_API|PERM_A,1,0,0,True
188,context,field-insensitive,C88_API|PERM_A,C88_API|PERM_A,1,0,0,True
188,context,context-insensitive,C88_API|PERM_A,C88_API|PERM_A;C88_API|PERM_B,1,1,0,False
188,context,cha,C88_API|PERM_A,C88_API|PERM_A;C88_API|PERM_B,1,1,0,False
189,context,full,C89_API|PERM_B,C89_API|PERM_B,1,0,0,True
189,context,field-insensitive,C89_API|PERM_B,C89_API|PERM_B,1,0,0,True
189,context,context-insensitive,C89_API|PERM_B,C89_API|PERM_A;C89_API|PERM_B,1,1,0,False
189,context,cha,C89_API|PERM_B,C89_API|PERM_A;C89_API|PERM_B,1,1,0,False
190,context,full,C90_API|PERM_A,C90_API|PERM_A,1,0,0,True
190,context,field-insensitive,C90_API|PERM_A,C90_API|PERM_A,1,0,0,True
190,context,context-insensitive,C90_API|PERM_A,C90_API|PERM_A;C90_API|PERM_B,1,1,0,False
190,context,cha,C90_API|PERM_A,C90_API|PERM_A;C90_API|PERM_B,1,1,0,False
191,context,full,C91_API|PERM_B,C91_API|PERM_B,1,0,0,True
191,context,field-insensitive,C91_API|PERM_B,C91_API|PERM_B,1,0,0,True
191,context,context-insensitive,C91_API|PERM_B,C91_API|PERM_A;C91_API|PERM_B,1,1,0,False
191,context,cha,C91_API|PERM_B,C91_API|PERM_A;C91_API|PERM_B,1,1,0,False
192,context,full,C92_API|PERM_A,C92_API|PERM_A,1,0,0,True
192,context,field-insensitive,C92_API|PERM_A,C92_API|PERM_A,1,0,0,True
192,context,context-insensitive,C92_API|PERM_A,C92_API|PERM_A;C92_API|PERM_B,1,1,0,False
192,context,cha,C92_API|PERM_A,C92_API|PERM_A;C92_API|PERM_B,1,1,0,False
193,context,full,C93_API|PERM_B,C93_API|PERM_B,1,0,0,True
193,context,field-insensitive,C93_API|PERM_B,C93_API|PERM_B,1,0,0,True
193,context,context-insensitive,C93_API|PERM_B,C93_API|PERM_A;C93_API|PERM_B,1,1,0,False
193,context,cha,C93_API|PERM_B,C93_API|PERM_A;C93_API|PERM_B,1,1,0,False
194,context,full,C94_API|PERM_A,C94_API|PERM_A,1,0,0,True
194,context,field-insensitive,C94_API|PERM_A,C94_API|PERM_A,1,0,0,True
194,context,context-insensitive,C94_API|PERM_A,C94_API|PERM_A;C94_API|PERM_B,1,1,0,False
194,context,cha,C94_API|PERM_A,C94_API|PERM_A;C94_API|PERM_B,1,1,0,False
195,context,full,C95_API|PERM_B,C95_API|PERM_B,1,0,0,True
195,context,field-insensitive,C95_API|PERM_B,C95_API|PERM_B,1,0,0,True
195,context,context-insensitive,C95_API|PERM_B,C95_API|PERM_A;C95_API|PERM_B,1,1,0,False
195,context,cha,C95_API|PERM_B,C95_API|PERM_A;C95_API|PERM_B,1,1,0,False
196,context,full,C96_API|PERM_A,C96_API|PERM_A,1,0,0,True
196,context,field-insensitive,C96_API|PERM_A,C96_API|PERM_A,1,0,0,True
196,context,context-insensitive,C96_API|PERM_A,C96_API|PERM_A;C96_API|PERM_B,1,1,0,False
196,context,cha,C96_API|PERM_A,C96_API|PERM_A;C96_API|PERM_B,1,1,0,False
197,context,full,C97_API|PERM_B,C97_API|PERM_B,1,0,0,True
197,context,field-insensitive,C97_API|PERM_B,C97_API|PERM_B,1,0,0,True
197,context,context-insensitive,C97_API|PERM_B,C97_API|PERM_A;C97_API|PERM_B,1,1,0,False
197,context,cha,C97_API|PERM_B,C97_API|PERM_A;C97_API|PERM_B,1,1,0,False
198,context,full,C98_API|PERM_A,C98_API|PERM_A,1,0,0,True
198,context,field-insensitive,C98_API|PERM_A,C98_API|PERM_A,1,0,0,True
198,context,context-insensitive,C98_API|PERM_A,C98_API|PERM_A;C98_API|PERM_B,1,1,0,False
198,context,cha,C98_API|PERM_A,C98_API|PERM_A;C98_API|PERM_B,1,1,0,False
199,context,full,C99_API|PERM_B,C99_API|PERM_B,1,0,0,True
199,context,field-insensitive,C99_API|PERM_B,C99_API|PERM_B,1,0,0,True
199,context,context-insensitive,C99_API|PERM_B,C99_API|PERM_A;C99_API|PERM_B,1,1,0,False
199,context,cha,C99_API|PERM_B,C99_API|PERM_A;C99_API|PERM_B,1,1,0,False
200,hierarchy,full,H0_API|PERM_A,H0_API|PERM_A,1,0,0,True
200,hierarchy,field-insensitive,H0_API|PERM_A,H0_API|PERM_A,1,0,0,True
200,hierarchy,context-insensitive,H0_API|PERM_A,H0_API|PERM_A,1,0,0,True
200,hierarchy,cha,H0_API|PERM_A,H0_API|PERM_A;H0_API|PERM_B,1,1,0,False
201,hierarchy,full,H1_API|PERM_B,H1_API|PERM_B,1,0,0,True
201,hierarchy,field-insensitive,H1_API|PERM_B,H1_API|PERM_B,1,0,0,True
201,hierarchy,context-insensitive,H1_API|PERM_B,H1_API|PERM_B,1,0,0,True
201,hierarchy,cha,H1_API|PERM_B,H1_API|PERM_A;H1_API|PERM_B,1,1,0,False
202,hierarchy,full,H2_API|PERM_A,H2_API|PERM_A,1,0,0,True
202,hierarchy,field-insensitive,H2_API|PERM_A,H2_API|PERM_A,1,0,0,True
202,hierarchy,context-insensitive,H2_API|PERM_A,H2_API|PERM_A,1,0,0,True
202,hierarchy,cha,H2_API|PERM_A,H2_API|PERM_A;H2_API|PERM_B,1,1,0,False
203,hierarchy,full,H3_API|PERM_B,H3_API|PERM_B,1,0,0,True
203,hierarchy,field-insensitive,H3_API|PERM_B,H3_API|PERM_B,1,0,0,True
203,hierarchy,context-insensitive,H3_API|PERM_B,H3_API|PERM_B,1,0,0,True
203,hierarchy,cha,H3_API|PERM_B,H3_API|PERM_A;H3_API|PERM_B,1,1,0,False
204,hierarchy,full,H4_API|PERM_A,H4_API|PERM_A,1,0,0,True
204,hierarchy,field-insensitive,H4_API|PERM_A,H4_API|PERM_A,1,0,0,True
204,hierarchy,context-insensitive,H4_API|PERM_A,H4_API|PERM_A,1,0,0,True
204,hierarchy,cha,H4_API|PERM_A,H4_API|PERM_A;H4_API|PERM_B,1,1,0,False
205,hierarchy,full,H5_API|PERM_B,H5_API|PERM_B,1,0,0,True
205,hierarchy,field-insensitive,H5_API|PERM_B,H5_API|PERM_B,1,0,0,True
205,hierarchy,context-insensitive,H5_API|PERM_B,H5_API|PERM_B,1,0,0,True
205,hierarchy,cha,H5_API|PERM_B,H5_API|PERM_A;H5_API|PERM_B,1,1,0,False
206,hierarchy,full,H6_API|PERM_A,H6_API|PERM_A,1,0,0,True
206,hierarchy,field-insensitive,H6_API|PERM_A,H6_API|PERM_A,1,0,0,True
206,hierarchy,context-insensitive,H6_API|PERM_A,H6_API|PERM_A,1,0,0,True
206,hierarchy,cha,H6_API|PERM_A,H6_API|PERM_A;H6_API|PERM_B,1,1,0,False
207,hierarchy,full,H7_API|PERM_B,H7_API|PERM_B,1,0,0,True
207,hierarchy,field-insensitive,H7_API|PERM_B,H7_API|PERM_B,1,0,0,True
207,hierarchy,context-insensitive,H7_API|PERM_B,H7_API|PERM_B,1,0,0,True
207,hierarchy,cha,H7_API|PERM_B,H7_API|PERM_A;H7_API|PERM_B,1,1,0,False
208,hierarchy,full,H8_API|PERM_A,H8_API|PERM_A,1,0,0,True
208,hierarchy,field-insensitive,H8_API|PERM_A,H8_API|PERM_A,1,0,0,True
208,hierarchy,context-insensitive,H8_API|PERM_A,H8_API|PERM_A,1,0,0,True
208,hierarchy,cha,H8_API|PERM_A,H8_API|PERM_A;H8_API|PERM_B,1,1,0,False
209,hierarchy,full,H9_API|PERM_B,H9_API|PERM_B,1,0,0,True
209,hierarchy,field-insensitive,H9_API|PERM_B,H9_API|PERM_B,1,0,0,True
209,hierarchy,context-insensitive,H9_API|PERM_B,H9_API|PERM_B,1,0,0,True
209,hierarchy,cha,H9_API|PERM_B,H9_API|PERM_A;H9_API|PERM_B,1,1,0,False
210,hierarchy,full,H10_API|PERM_A,H10_API|PERM_A,1,0,0,True
210,hierarchy,field-insensitive,H10_API|PERM_A,H10_API|PERM_A,1,0,0,True
210,hierarchy,context-insensitive,H10_API|PERM_A,H10_API|PERM_A,1,0,0,True
210,hierarchy,cha,H10_API|PERM_A,H10_API|PERM_A;H10_API|PERM_B,1,1,0,False
211,hierarchy,full,H11_API|PERM_B,H11_API|PERM_B,1,0,0,True
211,hierarchy,field-insensitive,H11_API|PERM_B,H11_API|PERM_B,1,0,0,True
211,hierarchy,context-insensitive,H11_API|PERM_B,H11_API|PERM_B,1,0,0,True
211,hierarchy,cha,H11_API|PERM_B,H11_API|PERM_A;H11_API|PERM_B,1,1,0,False
212,hierarchy,full,H12_API|PERM_A,H12_API|PERM_A,1,0,0,True
212,hierarchy,field-insensitive,H12_API|PERM_A,H12_API|PERM_A,1,0,0,True
212,hierarchy,context-insensitive,H12_API|PERM_A,H12_API|PERM_A,1,0,0,True
212,hierarchy,cha,H12_API|PERM_A,H12_API|PERM_A;H12_API|PERM_B,1,1,0,False
213,hierarchy,full,H13_API|PERM_B,H13_API|PERM_B,1,0,0,True
213,hierarchy,field-insensitive,H13_API|PERM_B,H13_API|PERM_B,1,0,0,True
213,hierarchy,context-insensitive,H13_API|PERM_B,H13_API|PERM_B,1,0,0,True
213,hierarchy,cha,H13_API|PERM_B,H13_API|PERM_A;H13_API|PERM_B,1,1,0,False
214,hierarchy,full,H14_API|PERM_A,H14_API|PERM_A,1,0,0,True
214,hierarchy,field-insensitive,H14_API|PERM_A,H14_API|PERM_A,1,0,0,True
214,hierarchy,context-insensitive,H14_API|PERM_A,H14_API|PERM_A,1,0,0,True
214,hierarchy,cha,H14_API|PERM_A,H14_API|PERM_A;H14_API|PERM_B,1,1,0,False
215,hierarchy,full,H15_API|PERM_B,H15_API|PERM_B,1,0,0,True
215,hierarchy,field-insensitive,H15_API|PERM_B,H15_API|PERM_B,1,0,0,True
215,hierarchy,context-insensitive,H15_API|PERM_B,H15_API|PERM_B,1,0,0,True
215,hierarchy,cha,H15_API|PERM_B,H15_API|PERM_A;H15_API|PERM_B,1,1,0,False
216,hierarchy,full,H16_API|PERM_A,H16_API|PERM_A,1,0,0,True
216,hierarchy,field-insensitive,H16_API|PERM_A,H16_API|PERM_A,1,0,0,True
216,hierarchy,context-insensitive,H16_API|PERM_A,H16_API|PERM_A,1,0,0,True
216,hierarchy,cha,H16_API|PERM_A,H16_API|PERM_A;H16_API|PERM_B,1,1,0,False
217,hierarchy,full,H17_API|PERM_B,H17_API|PERM_B,1,0,0,True
217,hierarchy,field-insensitive,H17_API|PERM_B,H17_API|PERM_B,1,0,0,True
217,hierarchy,context-insensitive,H17_API|PERM_B,H17_API|PERM_B,1,0,0,True
217,hierarchy,cha,H17_API|PERM_B,H17_API|PERM_A;H17_API|PERM_B,1,1,0,False
218,hierarchy,full,H18_API|PERM_A,H18_API|PERM_A,1,0,0,True
218,hierarchy,field-insensitive,H18_API|PERM_A,H18_API|PERM_A,1,0,0,True
218,hierarchy,context-insensitive,H18_API|PERM_A,H18_API|PERM_A,1,0,0,True
218,hierarchy,cha,H18_API|PERM_A,H18_API|PERM_A;H18_API|PERM_B,1,1,0,False
219,hierarchy,full,H19_API|PERM_B,H19_API|PERM_B,1,0,0,True
219,hierarchy,field-insensitive,H19_API|PERM_B,H19_API|PERM_B,1,0,0,True
219,hierarchy,context-insensitive,H19_API|PERM_B,H19_API|PERM_B,1,0,0,True
219,hierarchy,cha,H19_API|PERM_B,H19_API|PERM_A;H19_API|PERM_B,1,1,0,False
220,hierarchy,full,H20_API|PERM_A,H20_API|PERM_A,1,0,0,True
220,hierarchy,field-insensitive,H20_API|PERM_A,H20_API|PERM_A,1,0,0,True
220,hierarchy,context-insensitive,H20_API|PERM_A,H20_API|PERM_A,1,0,0,True
220,hierarchy,cha,H20_API|PERM_A,H20_API|PERM_A;H20_API|PERM_B,1,1,0,False
221,hierarchy,full,H21_API|PERM_B,H21_API|PERM_B,1,0,0,True
221,hierarchy,field-insensitive,H21_API|PERM_B,H21_API|PERM_B,1,0,0,True
221,hierarchy,context-insensitive,H21_API|PERM_B,H21_API|PERM_B,1,0,0,True
221,hierarchy,cha,H21_API|PERM_B,H21_API|PERM_A;H21_API|PERM_B,1,1,0,False
222,hierarchy,full,H22_API|PERM_A,H22_API|PERM_A,1,0,0,True
222,hierarchy,field-insensitive,H22_API|PERM_A,H22_API|PERM_A,1,0,0,True
222,hierarchy,context-insensitive,H22_API|PERM_A,H22_API|PERM_A,1,0,0,True
222,hierarchy,cha,H22_API|PERM_A,H22_API|PERM_A;H22_API|PERM_B,1,1,0,False
223,hierarchy,full,H23_API|PERM_B,H23_API|PERM_B,1,0,0,True
223,hierarchy,field-insensitive,H23_API|PERM_B,H23_API|PERM_B,1,0,0,True
223,hierarchy,context-insensitive,H23_API|PERM_B,H23_API|PERM_B,1,0,0,True
223,hierarchy,cha,H23_API|PERM_B,H23_API|PERM_A;H23_API|PERM_B,1,1,0,False
224,hierarchy,full,H24_API|PERM_A,H24_API|PERM_A,1,0,0,True
224,hierarchy,field-insensitive,H24_API|PERM_A,H24_API|PERM_A,1,0,0,True
224,hierarchy,context-insensitive,H24_API|PERM_A,H24_API|PERM_A,1,0,0,True
224,hierarchy,cha,H24_API|PERM_A,H24_API|PERM_A;H24_API|PERM_B,1,1,0,False
225,hierarchy,full,H25_API|PERM_B,H25_API|PERM_B,1,0,0,True
225,hierarchy,field-insensitive,H25_API|PERM_B,H25_API|PERM_B,1,0,0,True
225,hierarchy,context-insensitive,H25_API|PERM_B,H25_API|PERM_B,1,0,0,True
225,hierarchy,cha,H25_API|PERM_B,H25_API|PERM_A;H25_API|PERM_B,1,1,0,False
226,hierarchy,full,H26_API|PERM_A,H26_API|PERM_A,1,0,0,True
226,hierarchy,field-insensitive,H26_API|PERM_A,H26_API|PERM_A,1,0,0,True
226,hierarchy,context-insensitive,H26_API|PERM_A,H26_API|PERM_A,1,0,0,True
226,hierarchy,cha,H26_API|PERM_A,H26_API|PERM_A;H26_API|PERM_B,1,1,0,False
227,hierarchy,full,H27_API|PERM_B,H27_API|PERM_B,1,0,0,True
227,hierarchy,field-insensitive,H27_API|PERM_B,H27_API|PERM_B,1,0,0,True
227,hierarchy,context-insensitive,H27_API|PERM_B,H27_API|PERM_B,1,0,0,True
227,hierarchy,cha,H27_API|PERM_B,H27_API|PERM_A;H27_API|PERM_B,1,1,0,False
228,hierarchy,full,H28_API|PERM_A,H28_API|PERM_A,1,0,0,True
228,hierarchy,field-insensitive,H28_API|PERM_A,H28_API|PERM_A,1,0,0,True
228,hierarchy,context-insensitive,H28_API|PERM_A,H28_API|PERM_A,1,0,0,True
228,hierarchy,cha,H28_API|PERM_A,H28_API|PERM_A;H28_API|PERM_B,1,1,0,False
229,hierarchy,full,H29_API|PERM_B,H29_API|PERM_B,1,0,0,True
229,hierarchy,field-insensitive,H29_API|PERM_B,H29_API|PERM_B,1,0,0,True
229,hierarchy,context-insensitive,H29_API|PERM_B,H29_API|PERM_B,1,0,0,True
229,hierarchy,cha,H29_API|PERM_B,H29_API|PERM_A;H29_API|PERM_B,1,1,0,False
230,hierarchy,full,H30_API|PERM_A,H30_API|PERM_A,1,0,0,True
230,hierarchy,field-insensitive,H30_API|PERM_A,H30_API|PERM_A,1,0,0,True
230,hierarchy,context-insensitive,H30_API|PERM_A,H30_API|PERM_A,1,0,0,True
230,hierarchy,cha,H30_API|PERM_A,H30_API|PERM_A;H30_API|PERM_B,1,1,0,False
231,hierarchy,full,H31_API|PERM_B,H31_API|PERM_B,1,0,0,True
231,hierarchy,field-insensitive,H31_API|PERM_B,H31_API|PERM_B,1,0,0,True
231,hierarchy,context-insensitive,H31_API|PERM_B,H31_API|PERM_B,1,0,0,True
231,hierarchy,cha,H31_API|PERM_B,H31_API|PERM_A;H31_API|PERM_B,1,1,0,False
232,hierarchy,full,H32_API|PERM_A,H32_API|PERM_A,1,0,0,True
232,hierarchy,field-insensitive,H32_API|PERM_A,H32_API|PERM_A,1,0,0,True
232,hierarchy,context-insensitive,H32_API|PERM_A,H32_API|PERM_A,1,0,0,True
232,hierarchy,cha,H32_API|PERM_A,H32_API|PERM_A;H32_API|PERM_B,1,1,0,False
233,hierarchy,full,H33_API|PERM_B,H33_API|PERM_B,1,0,0,True
233,hierarchy,field-insensitive,H33_API|PERM_B,H33_API|PERM_B,1,0,0,True
233,hierarchy,context-insensitive,H33_API|PERM_B,H33_API|PERM_B,1,0,0,True
233,hierarchy,cha,H33_API|PERM_B,H33_API|PERM_A;H33_API|PERM_B,1,1,0,False
234,hierarchy,full,H34_API|PERM_A,H34_API|PERM_A,1,0,0,True
234,hierarchy,field-insensitive,H34_API|PERM_A,H34_API|PERM_A,1,0,0,True
234,hierarchy,context-insensitive,H34_API|PERM_A,H34_API|PERM_A,1,0,0,True
234,hierarchy,cha,H34_API|PERM_A,H34_API|PERM_A;H34_API|PERM_B,1,1,0,False
235,hierarchy,full,H35_API|PERM_B,H35_API|PERM_B,1,0,0,True
235,hierarchy,field-insensitive,H35_API|PERM_B,H35_API|PERM_B,1,0,0,True
235,hierarchy,context-insensitive,H35_API|PERM_B,H35_API|PERM_B,1,0,0,True
235,hierarchy,cha,H35_API|PERM_B,H35_API|PERM_A;H35_API|PERM_B,1,1,0,False
236,hierarchy,full,H36_API|PERM_A,H36_API|PERM_A,1,0,0,True
236,hierarchy,field-insensitive,H36_API|PERM_A,H36_API|PERM_A,1,0,0,True
236,hierarchy,context-insensitive,H36_API|PERM_A,H36_API|PERM_A,1,0,0,True
236,hierarchy,cha,H36_API|PERM_A,H36_API|PERM_A;H36_API|PERM_B,1,1,0,False
237,hierarchy,full,H37_API|PERM_B,H37_API|PERM_B,1,0,0,True
237,hierarchy,field-insensitive,H37_API|PERM_B,H37_API|PERM_B,1,0,0,True
237,hierarchy,context-insensitive,H37_API|PERM_B,H37_API|PERM_B,1,0,0,True
237,hierarchy,cha,H37_API|PERM_B,H37_API|PERM_A;H37_API|PERM_B,1,1,0,False
238,hierarchy,full,H38_API|PERM_A,H38_API|PERM_A,1,0,0,True
238,hierarchy,field-insensitive,H38_API|PERM_A,H38_API|PERM_A,1,0,0,True
238,hierarchy,context-insensitive,H38_API|PERM_A,H38_API|PERM_A,1,0,0,True
238,hierarchy,cha,H38_API|PERM_A,H38_API|PERM_A;H38_API|PERM_B,1,1,0,False
239,hierarchy,full,H39_API|PERM_B,H39_API|PERM_B,1,0,0,True
239,hierarchy,field-insensitive,H39_API|PERM_B,H39_API|PERM_B,1,0,0,True
239,hierarchy,context-insensitive,H39_API|PERM_B,H39_API|PERM_B,1,0,0,True
239,hierarchy,cha,H39_API|PERM_B,H39_API|PERM_A;H39_API|PERM_B,1,1,0,False
240,hierarchy,full,H40_API|PERM_A,H40_API|PERM_A,1,0,0,True
240,hierarchy,field-insensitive,H40_API|PERM_A,H40_API|PERM_A,1,0,0,True
240,hierarchy,context-insensitive,H40_API|PERM_A,H40_API|PERM_A,1,0,0,True
240,hierarchy,cha,H40_API|PERM_A,H40_API|PERM_A;H40_API|PERM_B,1,1,0,False
241,hierarchy,full,H41_API|PERM_B,H41_API|PERM_B,1,0,0,True
241,hierarchy,field-insensitive,H41_API|PERM_B,H41_API|PERM_B,1,0,0,True
241,hierarchy,context-insensitive,H41_API|PERM_B,H41_API|PERM_B,1,0,0,True
241,hierarchy,cha,H41_API|PERM_B,H41_API|PERM_A;H41_API|PERM_B,1,1,0,False
242,hierarchy,full,H42_API|PERM_A,H42_API|PERM_A,1,0,0,True
242,hierarchy,field-insensitive,H42_API|PERM_A,H42_API|PERM_A,1,0,0,True
242,hierarchy,context-insensitive,H42_API|PERM_A,H42_API|PERM_A,1,0,0,True
242,hierarchy,cha,H42_API|PERM_A,H42_API|PERM_A;H42_API|PERM_B,1,1,0,False
243,hierarchy,full,H43_API|PERM_B,H43_API|PERM_B,1,0,0,True
243,hierarchy,field-insensitive,H43_API|PERM_B,H43_API|PERM_B,1,0,0,True
243,hierarchy,context-insensitive,H43_API|PERM_B,H43_API|PERM_B,1,0,0,True
243,hierarchy,cha,H43_API|PERM_B,H43_API|PERM_A;H43_API|PERM_B,1,1,0,False
244,hierarchy,full,H44_API|PERM_A,H44_API|PERM_A,1,0,0,True
244,hierarchy,field-insensitive,H44_API|PERM_A,H44_API|PERM_A,1,0,0,True
244,hierarchy,context-insensitive,H44_API|PERM_A,H44_API|PERM_A,1,0,0,True
244,hierarchy,cha,H44_API|PERM_A,H44_API|PERM_A;H44_API|PERM_B,1,1,0,False
245,hierarchy,full,H45_API|PERM_B,H45_API|PERM_B,1,0,0,True
245,hierarchy,field-insensitive,H45_API|PERM_B,H45_API|PERM_B,1,0,0,True
245,hierarchy,context-insensitive,H45_API|PERM_B,H45_API|PERM_B,1,0,0,True
245,hierarchy,cha,H45_API|PERM_B,H45_API|PERM_A;H45_API|PERM_B,1,1,0,False
246,hierarchy,full,H46_API|PERM_A,H46_API|PERM_A,1,0,0,True
246,hierarchy,field-insensitive,H46_API|PERM_A,H46_API|PERM_A,1,0,0,True
246,hierarchy,context-insensitive,H46_API|PERM_A,H46_API|PERM_A,1,0,0,True
246,hierarchy,cha,H46_API|PERM_A,H46_API|PERM_A;H46_API|PERM_B,1,1,0,False
247,hierarchy,full,H47_API|PERM_B,H47_API|PERM_B,1,0,0,True
247,hierarchy,field-insensitive,H47_API|PERM_B,H47_API|PERM_B,1,0,0,True
247,hierarchy,context-insensitive,H47_API|PERM_B,H47_API|PERM_B,1,0,0,True
247,hierarchy,cha,H47_API|PERM_B,H47_API|PERM_A;H47_API|PERM_B,1,1,0,False
248,hierarchy,full,H48_API|PERM_A,H48_API|PERM_A,1,0,0,True
248,hierarchy,field-insensitive,H48_API|PERM_A,H48_API|PERM_A,1,0,0,True
248,hierarchy,context-insensitive,H48_API|PERM_A,H48_API|PERM_A,1,0,0,True
248,hierarchy,cha,H48_API|PERM_A,H48_API|PERM_A;H48_API|PERM_B,1,1,0,False
249,hierarchy,full,H49_API|PERM_B,H49_API|PERM_B,1,0,0,True
249,hierarchy,field-insensitive,H49_API|PERM_B,H49_API|PERM_B,1,0,0,True
249,hierarchy,context-insensitive,H49_API|PERM_B,H49_API|PERM_B,1,0,0,True
249,hierarchy,cha,H49_API|PERM_B,H49_API|PERM_A;H49_API|PERM_B,1,1,0,False
250,hierarchy,full,H50_API|PERM_A,H50_API|PERM_A,1,0,0,True
250,hierarchy,field-insensitive,H50_API|PERM_A,H50_API|PERM_A,1,0,0,True
250,hierarchy,context-insensitive,H50_API|PERM_A,H50_API|PERM_A,1,0,0,True
250,hierarchy,cha,H50_API|PERM_A,H50_API|PERM_A;H50_API|PERM_B,1,1,0,False
251,hierarchy,full,H51_API|PERM_B,H51_API|PERM_B,1,0,0,True
251,hierarchy,field-insensitive,H51_API|PERM_B,H51_API|PERM_B,1,0,0,True
251,hierarchy,context-insensitive,H51_API|PERM_B,H51_API|PERM_B,1,0,0,True
251,hierarchy,cha,H51_API|PERM_B,H51_API|PERM_A;H51_API|PERM_B,1,1,0,False
252,hierarchy,full,H52_API|PERM_A,H52_API|PERM_A,1,0,0,True
252,hierarchy,field-insensitive,H52_API|PERM_A,H52_API|PERM_A,1,0,0,True
252,hierarchy,context-insensitive,H52_API|PERM_A,H52_API|PERM_A,1,0,0,True
252,hierarchy,cha,H52_API|PERM_A,H52_API|PERM_A;H52_API|PERM_B,1,1,0,False
253,hierarchy,full,H53_API|PERM_B,H53_API|PERM_B,1,0,0,True
253,hierarchy,field-insensitive,H53_API|PERM_B,H53_API|PERM_B,1,0,0,True
253,hierarchy,context-insensitive,H53_API|PERM_B,H53_API|PERM_B,1,0,0,True
253,hierarchy,cha,H53_API|PERM_B,H53_API|PERM_A;H53_API|PERM_B,1,1,0,False
254,hierarchy,full,H54_API|PERM_A,H54_API|PERM_A,1,0,0,True
254,hierarchy,field-insensitive,H54_API|PERM_A,H54_API|PERM_A,1,0,0,True
254,hierarchy,context-insensitive,H54_API|PERM_A,H54_API|PERM_A,1,0,0,True
254,hierarchy,cha,H54_API|PERM_A,H54_API|PERM_A;H54_API|PERM_B,1,1,0,False
255,hierarchy,full,H55_API|PERM_B,H55_API|PERM_B,1,0,0,True
255,hierarchy,field-insensitive,H55_API|PERM_B,H55_API|PERM_B,1,0,0,True
255,hierarchy,context-insensitive,H55_API|PERM_B,H55_API|PERM_B,1,0,0,True
255,hierarchy,cha,H55_API|PERM_B,H55_API|PERM_A;H55_API|PERM_B,1,1,0,False
256,hierarchy,full,H56_API|PERM_A,H56_API|PERM_A,1,0,0,True
256,hierarchy,field-insensitive,H56_API|PERM_A,H56_API|PERM_A,1,0,0,True
256,hierarchy,context-insensitive,H56_API|PERM_A,H56_API|PERM_A,1,0,0,True
256,hierarchy,cha,H56_API|PERM_A,H56_API|PERM_A;H56_API|PERM_B,1,1,0,False
257,hierarchy,full,H57_API|PERM_B,H57_API|PERM_B,1,0,0,True
257,hierarchy,field-insensitive,H57_API|PERM_B,H57_API|PERM_B,1,0,0,True
257,hierarchy,context-insensitive,H57_API|PERM_B,H57_API|PERM_B,1,0,0,True
257,hierarchy,cha,H57_API|PERM_B,H57_API|PERM_A;H57_API|PERM_B,1,1,0,False
258,hierarchy,full,H58_API|PERM_A,H58_API|PERM_A,1,0,0,True
258,hierarchy,field-insensitive,H58_API|PERM_A,H58_API|PERM_A,1,0,0,True
258,hierarchy,context-insensitive,H58_API|PERM_A,H58_API|PERM_A,1,0,0,True
258,hierarchy,cha,H58_API|PERM_A,H58_API|PERM_A;H58_API|PERM_B,1,1,0,False
259,hierarchy,full,H59_API|PERM_B,H59_API|PERM_B,1,0,0,True
259,hierarchy,field-insensitive,H59_API|PERM_B,H59_API|PERM_B,1,0,0,True
259,hierarchy,context-insensitive,H59_API|PERM_B,H59_API|PERM_B,1,0,0,True
259,hierarchy,cha,H59_API|PERM_B,H59_API|PERM_A;H59_API|PERM_B,1,1,0,False
260,hierarchy,full,H60_API|PERM_A,H60_API|PERM_A,1,0,0,True
260,hierarchy,field-insensitive,H60_API|PERM_A,H60_API|PERM_A,1,0,0,True
260,hierarchy,context-insensitive,H60_API|PERM_A,H60_API|PERM_A,1,0,0,True
260,hierarchy,cha,H60_API|PERM_A,H60_API|PERM_A;H60_API|PERM_B,1,1,0,False
261,hierarchy,full,H61_API|PERM_B,H61_API|PERM_B,1,0,0,True
261,hierarchy,field-insensitive,H61_API|PERM_B,H61_API|PERM_B,1,0,0,True
261,hierarchy,context-insensitive,H61_API|PERM_B,H61_API|PERM_B,1,0,0,True
261,hierarchy,cha,H61_API|PERM_B,H61_API|PERM_A;H61_API|PERM_B,1,1,0,False
262,hierarchy,full,H62_API|PERM_A,H62_API|PERM_A,1,0,0,True
262,hierarchy,field-insensitive,H62_API|PERM_A,H62_API|PERM_A,1,0,0,True
262,hierarchy,context-insensitive,H62_API|PERM_A,H62_API|PERM_A,1,0,0,True
262,hierarchy,cha,H62_API|PERM_A,H62_API|PERM_A;H62_API|PERM_B,1,1,0,False
263,hierarchy,full,H63_API|PERM_B,H63_API|PERM_B,1,0,0,True
263,hierarchy,field-insensitive,H63_API|PERM_B,H63_API|PERM_B,1,0,0,True
263,hierarchy,context-insensitive,H63_API|PERM_B,H63_API|PERM_B,1,0,0,True
263,hierarchy,cha,H63_API|PERM_B,H63_API|PERM_A;H63_API|PERM_B,1,1,0,False
264,hierarchy,full,H64_API|PERM_A,H64_API|PERM_A,1,0,0,True
264,hierarchy,field-insensitive,H64_API|PERM_A,H64_API|PERM_A,1,0,0,True
264,hierarchy,context-insensitive,H64_API|PERM_A,H64_API|PERM_A,1,0,0,True
264,hierarchy,cha,H64_API|PERM_A,H64_API|PERM_A;H64_API|PERM_B,1,1,0,False
265,hierarchy,full,H65_API|PERM_B,H65_API|PERM_B,1,0,0,True
265,hierarchy,field-insensitive,H65_API|PERM_B,H65_API|PERM_B,1,0,0,True
265,hierarchy,context-insensitive,H65_API|PERM_B,H65_API|PERM_B,1,0,0,True
265,hierarchy,cha,H65_API|PERM_B,H65_API|PERM_A;H65_API|PERM_B,1,1,0,False
266,hierarchy,full,H66_API|PERM_A,H66_API|PERM_A,1,0,0,True
266,hierarchy,field-insensitive,H66_API|PERM_A,H66_API|PERM_A,1,0,0,True
266,hierarchy,context-insensitive,H66_API|PERM_A,H66_API|PERM_A,1,0,0,True
266,hierarchy,cha,H66_API|PERM_A,H66_API|PERM_A;H66_API|PERM_B,1,1,0,False
267,hierarchy,full,H67_API|PERM_B,H67_API|PERM_B,1,0,0,True
267,hierarchy,field-insensitive,H67_API|PERM_B,H67_API|PERM_B,1,0,0,True
267,hierarchy,context-insensitive,H67_API|PERM_B,H67_API|PERM_B,1,0,0,True
267,hierarchy,cha,H67_API|PERM_B,H67_API|PERM_A;H67_API|PERM_B,1,1,0,False
268,hierarchy,full,H68_API|PERM_A,H68_API|PERM_A,1,0,0,True
268,hierarchy,field-insensitive,H68_API|PERM_A,H68_API|PERM_A,1,0,0,True
268,hierarchy,context-insensitive,H68_API|PERM_A,H68_API|PERM_A,1,0,0,True
268,hierarchy,cha,H68_API|PERM_A,H68_API|PERM_A;H68_API|PERM_B,1,1,0,False
269,hierarchy,full,H69_API|PERM_B,H69_API|PERM_B,1,0,0,True
269,hierarchy,field-insensitive,H69_API|PERM_B,H69_API|PERM_B,1,0,0,True
269,hierarchy,context-insensitive,H69_API|PERM_B,H69_API|PERM_B,1,0,0,True
269,hierarchy,cha,H69_API|PERM_B,H69_API|PERM_A;H69_API|PERM_B,1,1,0,False
270,hierarchy,full,H70_API|PERM_A,H70_API|PERM_A,1,0,0,True
270,hierarchy,field-insensitive,H70_API|PERM_A,H70_API|PERM_A,1,0,0,True
270,hierarchy,context-insensitive,H70_API|PERM_A,H70_API|PERM_A,1,0,0,True
270,hierarchy,cha,H70_API|PERM_A,H70_API|PERM_A;H70_API|PERM_B,1,1,0,False
271,hierarchy,full,H71_API|PERM_B,H71_API|PERM_B,1,0,0,True
271,hierarchy,field-insensitive,H71_API|PERM_B,H71_API|PERM_B,1,0,0,True
271,hierarchy,context-insensitive,H71_API|PERM_B,H71_API|PERM_B,1,0,0,True
271,hierarchy,cha,H71_API|PERM_B,H71_API|PERM_A;H71_API|PERM_B,1,1,0,False
272,hierarchy,full,H72_API|PERM_A,H72_API|PERM_A,1,0,0,True
272,hierarchy,field-insensitive,H72_API|PERM_A,H72_API|PERM_A,1,0,0,True
272,hierarchy,context-insensitive,H72_API|PERM_A,H72_API|PERM_A,1,0,0,True
272,hierarchy,cha,H72_API|PERM_A,H72_API|PERM_A;H72_API|PERM_B,1,1,0,False
273,hierarchy,full,H73_API|PERM_B,H73_API|PERM_B,1,0,0,True
273,hierarchy,field-insensitive,H73_API|PERM_B,H73_API|PERM_B,1,0,0,True
273,hierarchy,context-insensitive,H73_API|PERM_B,H73_API|PERM_B,1,0,0,True
273,hierarchy,cha,H73_API|PERM_B,H73_API|PERM_A;H73_API|PERM_B,1,1,0,False
274,hierarchy,full,H74_API|PERM_A,H74_API|PERM_A,1,0,0,True
274,hierarchy,field-insensitive,H74_API|PERM_A,H74_API|PERM_A,1,0,0,True
274,hierarchy,context-insensitive,H74_API|PERM_A,H74_API|PERM_A,1,0,0,True
274,hierarchy,cha,H74_API|PERM_A,H74_API|PERM_A;H74_API|PERM_B,1,1,0,False
275,hierarchy,full,H75_API|PERM_B,H75_API|PERM_B,1,0,0,True
275,hierarchy,field-insensitive,H75_API|PERM_B,H75_API|PERM_B,1,0,0,True
275,hierarchy,context-insensitive,H75_API|PERM_B,H75_API|PERM_B,1,0,0,True
275,hierarchy,cha,H75_API|PERM_B,H75_API|PERM_A;H75_API|PERM_B,1,1,0,False
276,hierarchy,full,H76_API|PERM_A,H76_API|PERM_A,1,0,0,True
276,hierarchy,field-insensitive,H76_API|PERM_A,H76_API|PERM_A,1,0,0,True
276,hierarchy,context-insensitive,H76_API|PERM_A,H76_API|PERM_A,1,0,0,True
276,hierarchy,cha,H76_API|PERM_A,H76_API|PERM_A;H76_API|PERM_B,1,1,0,False
277,hierarchy,full,H77_API|PERM_B,H77_API|PERM_B,1,0,0,True
277,hierarchy,field-insensitive,H77_API|PERM_B,H77_API|PERM_B,1,0,0,True
277,hierarchy,context-insensitive,H77_API|PERM_B,H77_API|PERM_B,1,0,0,True
277,hierarchy,cha,H77_API|PERM_B,H77_API|PERM_A;H77_API|PERM_B,1,1,0,False
278,hierarchy,full,H78_API|PERM_A,H78_API|PERM_A,1,0,0,True
278,hierarchy,field-insensitive,H78_API|PERM_A,H78_API|PERM_A,1,0,0,True
278,hierarchy,context-insensitive,H78_API|PERM_A,H78_API|PERM_A,1,0,0,True
278,hierarchy,cha,H78_API|PERM_A,H78_API|PERM_A;H78_API|PERM_B,1,1,0,False
279,hierarchy,full,H79_API|PERM_B,H79_API|PERM_B,1,0,0,True
279,hierarchy,field-insensitive,H79_API|PERM_B,H79_API|PERM_B,1,0,0,True
279,hierarchy,context-insensitive,H79_API|PERM_B,H79_API|PERM_B,1,0,0,True
279,hierarchy,cha,H79_API|PERM_B,H79_API|PERM_A;H79_API|PERM_B,1,1,0,False
280,hierarchy,full,H80_API|PERM_A,H80_API|PERM_A,1,0,0,True
280,hierarchy,field-insensitive,H80_API|PERM_A,H80_API|PERM_A,1,0,0,True
280,hierarchy,context-insensitive,H80_API|PERM_A,H80_API|PERM_A,1,0,0,True
280,hierarchy,cha,H80_API|PERM_A,H80_API|PERM_A;H80_API|PERM_B,1,1,0,False
281,hierarchy,full,H81_API|PERM_B,H81_API|PERM_B,1,0,0,True
281,hierarchy,field-insensitive,H81_API|PERM_B,H81_API|PERM_B,1,0,0,True
281,hierarchy,context-insensitive,H81_API|PERM_B,H81_API|PERM_B,1,0,0,True
281,hierarchy,cha,H81_API|PERM_B,H81_API|PERM_A;H81_API|PERM_B,1,1,0,False
282,hierarchy,full,H82_API|PERM_A,H82_API|PERM_A,1,0,0,True
282,hierarchy,field-insensitive,H82_API|PERM_A,H82_API|PERM_A,1,0,0,True
282,hierarchy,context-insensitive,H82_API|PERM_A,H82_API|PERM_A,1,0,0,True
282,hierarchy,cha,H82_API|PERM_A,H82_API|PERM_A;H82_API|PERM_B,1,1,0,False
283,hierarchy,full,H83_API|PERM_B,H83_API|PERM_B,1,0,0,True
283,hierarchy,field-insensitive,H83_API|PERM_B,H83_API|PERM_B,1,0,0,True
283,hierarchy,context-insensitive,H83_API|PERM_B,H83_API|PERM_B,1,0,0,True
283,hierarchy,cha,H83_API|PERM_B,H83_API|PERM_A;H83_API|PERM_B,1,1,0,False
284,hierarchy,full,H84_API|PERM_A,H84_API|PERM_A,1,0,0,True
284,hierarchy,field-insensitive,H84_API|PERM_A,H84_API|PERM_A,1,0,0,True
284,hierarchy,context-insensitive,H84_API|PERM_A,H84_API|PERM_A,1,0,0,True
284,hierarchy,cha,H84_API|PERM_A,H84_API|PERM_A;H84_API|PERM_B,1,1,0,False
285,hierarchy,full,H85_API|PERM_B,H85_API|PERM_B,1,0,0,True
285,hierarchy,field-insensitive,H85_API|PERM_B,H85_API|PERM_B,1,0,0,True
285,hierarchy,context-insensitive,H85_API|PERM_B,H85_API|PERM_B,1,0,0,True
285,hierarchy,cha,H85_API|PERM_B,H85_API|PERM_A;H85_API|PERM_B,1,1,0,False
286,hierarchy,full,H86_API|PERM_A,H86_API|PERM_A,1,0,0,True
286,hierarchy,field-insensitive,H86_API|PERM_A,H86_API|PERM_A,1,0,0,True
286,hierarchy,context-insensitive,H86_API|PERM_A,H86_API|PERM_A,1,0,0,True
286,hierarchy,cha,H86_API|PERM_A,H86_API|PERM_A;H86_API|PERM_B,1,1,0,False
287,hierarchy,full,H87_API|PERM_B,H87_API|PERM_B,1,0,0,True
287,hierarchy,field-insensitive,H87_API|PERM_B,H87_API|PERM_B,1,0,0,True
287,hierarchy,context-insensitive,H87_API|PERM_B,H87_API|PERM_B,1,0,0,True
287,hierarchy,cha,H87_API|PERM_B,H87_API|PERM_A;H87_API|PERM_B,1,1,0,False
288,hierarchy,full,H88_API|PERM_A,H88_API|PERM_A,1,0,0,True
288,hierarchy,field-insensitive,H88_API|PERM_A,H88_API|PERM_A,1,0,0,True
288,hierarchy,context-insensitive,H88_API|PERM_A,H88_API|PERM_A,1,0,0,True
288,hierarchy,cha,H88_API|PERM_A,H88_API|PERM_A;H88_API|PERM_B,1,1,0,False
289,hierarchy,full,H89_API|PERM_B,H89_API|PERM_B,1,0,0,True
289,hierarchy,field-insensitive,H89_API|PERM_B,H89_API|PERM_B,1,0,0,True
289,hierarchy,context-insensitive,H89_API|PERM_B,H89_API|PERM_B,1,0,0,True
289,hierarchy,cha,H89_API|PERM_B,H89_API|PERM_A;H89_API|PERM_B,1,1,0,False
290,hierarchy,full,H90_API|PERM_A,H90_API|PERM_A,1,0,0,True
290,hierarchy,field-insensitive,H90_API|PERM_A,H90_API|PERM_A,1,0,0,True
290,hierarchy,context-insensitive,H90_API|PERM_A,H90_API|PERM_A,1,0,0,True
290,hierarchy,cha,H90_API|PERM_A,H90_API|PERM_A;H90_API|PERM_B,1,1,0,False
291,hierarchy,full,H91_API|PERM_B,H91_API|PERM_B,1,0,0,True
291,hierarchy,field-insensitive,H91_API|PERM_B,H91_API|PERM_B,1,0,0,True
291,hierarchy,context-insensitive,H91_API|PERM_B,H91_API|PERM_B,1,0,0,True
291,hierarchy,cha,H91_API|PERM_B,H91_API|PERM_A;H91_API|PERM_B,1,1,0,False
292,hierarchy,full,H92_API|PERM_A,H92_API|PERM_A,1,0,0,True
292,hierarchy,field-insensitive,H92_API|PERM_A,H92_API|PERM_A,1,0,0,True
292,hierarchy,context-insensitive,H92_API|PERM_A,H92_API|PERM_A,1,0,0,True
292,hierarchy,cha,H92_API|PERM_A,H92_API|PERM_A;H92_API|PERM_B,1,1,0,False
293,hierarchy,full,H93_API|PERM_B,H93_API|PERM_B,1,0,0,True
293,hierarchy,field-insensitive,H93_API|PERM_B,H93_API|PERM_B,1,0,0,True
293,hierarchy,context-insensitive,H93_API|PERM_B,H93_API|PERM_B,1,0,0,True
293,hierarchy,cha,H93_API|PERM_B,H93_API|PERM_A;H93_API|PERM_B,1,1,0,False
294,hierarchy,full,H94_API|PERM_A,H94_API|PERM_A,1,0,0,True
294,hierarchy,field-insensitive,H94_API|PERM_A,H94_API|PERM_A,1,0,0,True
294,hierarchy,context-insensitive,H94_API|PERM_A,H94_API|PERM_A,1,0,0,True
294,hierarchy,cha,H94_API|PERM_A,H94_API|PERM_A;H94_API|PERM_B,1,1,0,False
295,hierarchy,full,H95_API|PERM_B,H95_API|PERM_B,1,0,0,True
295,hierarchy,field-insensitive,H95_API|PERM_B,H95_API|PERM_B,1,0,0,True
295,hierarchy,context-insensitive,H95_API|PERM_B,H95_API|PERM_B,1,0,0,True
295,hierarchy,cha,H95_API|PERM_B,H95_API|PERM_A;H95_API|PERM_B,1,1,0,False
296,hierarchy,full,H96_API|PERM_A,H96_API|PERM_A,1,0,0,True
296,hierarchy,field-insensitive,H96_API|PERM_A,H96_API|PERM_A,1,0,0,True
296,hierarchy,context-insensitive,H96_API|PERM_A,H96_API|PERM_A,1,0,0,True
296,hierarchy,cha,H96_API|PERM_A,H96_API|PERM_A;H96_API|PERM_B,1,1,0,False
297,hierarchy,full,H97_API|PERM_B,H97_API|PERM_B,1,0,0,True
297,hierarchy,field-insensitive,H97_API|PERM_B,H97_API|PERM_B,1,0,0,True
297,hierarchy,context-insensitive,H97_API|PERM_B,H97_API|PERM_B,1,0,0,True
297,hierarchy,cha,H97_API|PERM_B,H97_API|PERM_A;H97_API|PERM_B,1,1,0,False
298,hierarchy,full,H98_API|PERM_A,H98_API|PERM_A,1,0,0,True
298,hierarchy,field-insensitive,H98_API|PERM_A,H98_API|PERM_A,1,0,0,True
298,hierarchy,context-insensitive,H98_API|PERM_A,H98_API|PERM_A,1,0,0,True
298,hierarchy,cha,H98_API|PERM_A,H98_API|PERM_A;H98_API|PERM_B,1,1,0,False
299,hierarchy,full,H99_API|PERM_B,H99_API|PERM_B,1,0,0,True
299,hierarchy,field-insensitive,H99_API|PERM_B,H99_API|PERM_B,1,0,0,True
299,hierarchy,context-insensitive,H99_API|PERM_B,H99_API|PERM_B,1,0,0,True
299,hierarchy,cha,H99_API|PERM_B,H99_API|PERM_A;H99_API|PERM_B,1,1,0,False
