case,family,semantic_preserving,old_permissions,new_permissions,transport_exact_without_completion,reused_nodes,completed_nodes,new_certificate_nodes,unresolved_queries,minimum_unresolved_cost,minimum_unresolved_core_size,opaque_sites,completion_models,endpoint_envelope_exact,alias_depth,width,structure_depth,opaque_depth,revision_form,methods,fields,statements,lower_atoms,lower_rules,upper_atoms,upper_rules,premise_incidences,certificate_nodes
0,field,True,F0_API|PERM_A,F0_API|PERM_A,False,7,4,11,1,2,2,2,4,True,0,0,0,2,reachable-refactoring,5,2,16,77,114,89,135,327,16
1,field,False,F1_API|PERM_A,F1_API|PERM_B,False,6,5,11,0,,,0,1,True,1,0,0,0,changing,4,2,13,59,76,59,76,198,11
2,field,True,F2_API|PERM_A,F2_API|PERM_A,True,12,0,12,0,,,0,1,True,2,0,0,0,closure-neutral-addition,5,2,16,67,84,67,84,212,12
3,field,False,F3_API|PERM_A,F3_API|PERM_B,False,6,7,13,0,,,0,1,True,3,0,0,0,changing,4,2,15,71,88,71,88,222,13
4,field,True,F4_API|PERM_A,F4_API|PERM_A,True,14,0,14,0,,,0,1,True,4,0,0,0,closure-neutral-addition,4,3,16,77,94,77,94,234,14
5,field,False,F5_API|PERM_A,F5_API|PERM_B,False,10,4,14,1,3,3,3,8,True,0,1,0,3,changing,6,3,20,146,316,186,372,956,22
6,field,True,F6_API|PERM_A,F6_API|PERM_A,False,12,4,16,0,,,0,1,True,1,1,0,0,reachable-refactoring,4,3,17,116,174,116,174,466,16
7,field,False,F7_API|PERM_A,F7_API|PERM_B,False,10,6,16,0,,,0,1,True,2,1,0,0,changing,4,3,17,116,174,116,174,466,16
8,field,True,F8_API|PERM_A,F8_API|PERM_A,True,17,0,17,0,,,0,1,True,3,1,0,0,closure-neutral-addition,5,3,20,126,184,126,184,484,17
9,field,False,F9_API|PERM_A,F9_API|PERM_B,False,10,8,18,0,,,0,1,True,4,1,0,0,changing,4,3,19,132,190,132,190,498,18
10,field,True,F10_API|PERM_A,F10_API|PERM_A,True,18,0,18,1,1,1,1,2,True,0,2,0,1,closure-neutral-addition,4,5,19,173,298,175,302,838,20
11,field,False,F11_API|PERM_A,F11_API|PERM_B,False,14,5,19,0,,,0,1,True,1,2,0,0,changing,4,4,19,183,308,183,308,854,19
12,field,True,F12_API|PERM_A,F12_API|PERM_A,False,17,4,21,0,,,0,1,True,2,2,0,0,reachable-refactoring,4,4,21,203,328,203,328,894,21
13,field,False,F13_API|PERM_A,F13_API|PERM_B,False,14,7,21,0,,,0,1,True,3,2,0,0,changing,4,4,21,203,328,203,328,894,21
14,field,True,F14_API|PERM_A,F14_API|PERM_A,True,22,0,22,0,,,0,1,True,4,2,0,0,closure-neutral-addition,5,4,24,215,340,215,340,916,22
15,field,False,F15_API|PERM_A,F15_API|PERM_B,False,18,4,22,1,2,2,2,4,True,0,3,0,2,changing,5,5,24,323,753,338,783,2181,27
16,field,True,F16_API|PERM_A,F16_API|PERM_A,True,23,0,23,0,,,0,1,True,1,3,0,0,closure-neutral-addition,4,6,22,290,514,290,514,1446,23
17,field,False,F17_API|PERM_A,F17_API|PERM_B,False,18,6,24,0,,,0,1,True,2,3,0,0,changing,4,5,23,302,526,302,526,1470,24
18,field,True,F18_API|PERM_A,F18_API|PERM_A,False,22,4,26,0,,,0,1,True,3,3,0,0,reachable-refactoring,4,5,25,326,550,326,550,1518,26
19,field,False,F19_API|PERM_A,F19_API|PERM_B,False,18,8,26,0,,,0,1,True,4,3,0,0,changing,4,5,25,326,550,326,550,1518,26
20,field,True,F20_API|PERM_A,F20_API|PERM_A,True,26,0,26,1,3,3,3,8,True,0,4,0,3,closure-neutral-addition,7,6,31,543,1568,598,1648,4608,34
21,field,False,F21_API|PERM_A,F21_API|PERM_B,False,22,5,27,0,,,0,1,True,1,4,0,0,changing,4,6,25,435,796,435,796,2262,27
22,field,True,F22_API|PERM_A,F22_API|PERM_A,True,28,0,28,0,,,0,1,True,2,4,0,0,closure-neutral-addition,4,7,26,449,810,449,810,2290,28
23,field,False,F23_API|PERM_A,F23_API|PERM_B,False,22,7,29,0,,,0,1,True,3,4,0,0,changing,4,6,27,463,824,463,824,2318,29
24,field,True,F24_API|PERM_A,F24_API|PERM_A,False,27,4,31,0,,,0,1,True,4,4,0,0,reachable-refactoring,4,6,29,491,852,491,852,2374,31
25,field,False,F25_API|PERM_A,F25_API|PERM_B,False,8,7,15,1,1,1,1,2,True,0,0,1,1,changing,5,2,15,101,144,104,150,360,17
26,field,True,F26_API|PERM_A,F26_API|PERM_A,True,16,0,16,0,,,0,1,True,1,0,1,0,closure-neutral-addition,6,2,17,113,156,113,156,375,16
27,field,False,F27_API|PERM_A,F27_API|PERM_B,False,8,9,17,0,,,0,1,True,2,0,1,0,changing,5,2,16,119,162,119,162,390,17
28,field,True,F28_API|PERM_A,F28_API|PERM_A,True,18,0,18,0,,,0,1,True,3,0,1,0,closure-neutral-addition,5,3,17,128,171,128,171,408,18
29,field,False,F29_API|PERM_A,F29_API|PERM_B,False,8,11,19,0,,,0,1,True,4,0,1,0,changing,5,2,18,137,180,137,180,426,19
30,field,True,F30_API|PERM_A,F30_API|PERM_A,False,16,4,20,1,2,2,2,4,True,0,1,1,2,reachable-refactoring,6,3,21,218,400,234,432,1080,25
31,field,False,F31_API|PERM_A,F31_API|PERM_B,False,12,8,20,0,,,0,1,True,1,1,1,0,changing,5,3,18,178,300,178,300,774,20
32,field,True,F32_API|PERM_A,F32_API|PERM_A,True,21,0,21,0,,,0,1,True,2,1,1,0,closure-neutral-addition,6,3,21,193,315,193,315,801,21
33,field,False,F33_API|PERM_A,F33_API|PERM_B,False,12,10,22,0,,,0,1,True,3,1,1,0,changing,5,3,20,202,324,202,324,822,22
34,field,True,F34_API|PERM_A,F34_API|PERM_A,True,23,0,23,0,,,0,1,True,4,1,1,0,closure-neutral-addition,5,4,21,214,336,214,336,846,23
35,field,False,F35_API|PERM_A,F35_API|PERM_B,False,16,7,23,1,3,3,3,8,True,0,2,1,3,changing,7,4,25,357,850,412,930,2420,31
36,field,True,F36_API|PERM_A,F36_API|PERM_A,False,21,4,25,0,,,0,1,True,1,2,1,0,reachable-refactoring,5,4,22,289,540,289,540,1434,25
37,field,False,F37_API|PERM_A,F37_API|PERM_B,False,16,9,25,0,,,0,1,True,2,2,1,0,changing,5,4,22,289,540,289,540,1434,25
38,field,True,F38_API|PERM_A,F38_API|PERM_A,True,26,0,26,0,,,0,1,True,3,2,1,0,closure-neutral-addition,6,4,25,307,558,307,558,1467,26
39,field,False,F39_API|PERM_A,F39_API|PERM_B,False,16,11,27,0,,,0,1,True,4,2,1,0,changing,5,4,24,319,570,319,570,1494,27
40,field,True,F40_API|PERM_A,F40_API|PERM_A,True,27,0,27,1,1,1,1,2,True,0,3,1,1,closure-neutral-addition,5,6,24,386,828,389,834,2286,29
41,field,False,F41_API|PERM_A,F41_API|PERM_B,False,20,8,28,0,,,0,1,True,1,3,1,0,changing,5,5,24,404,846,404,846,2316,28
42,field,True,F42_API|PERM_A,F42_API|PERM_A,False,26,4,30,0,,,0,1,True,2,3,1,0,reachable-refactoring,5,5,26,440,882,440,882,2388,30
43,field,False,F43_API|PERM_A,F43_API|PERM_B,False,20,10,30,0,,,0,1,True,3,3,1,0,changing,5,5,26,440,882,440,882,2388,30
44,field,True,F44_API|PERM_A,F44_API|PERM_A,True,31,0,31,0,,,0,1,True,4,3,1,0,closure-neutral-addition,6,5,29,461,903,461,903,2427,31
45,field,False,F45_API|PERM_A,F45_API|PERM_B,False,24,7,31,1,2,2,2,4,True,0,4,1,2,changing,6,6,29,634,1680,653,1724,4768,36
46,field,True,F46_API|PERM_A,F46_API|PERM_A,True,32,0,32,0,,,0,1,True,1,4,1,0,closure-neutral-addition,5,7,27,574,1281,574,1281,3564,32
47,field,False,F47_API|PERM_A,F47_API|PERM_B,False,24,9,33,0,,,0,1,True,2,4,1,0,changing,5,6,28,595,1302,595,1302,3606,33
48,field,True,F48_API|PERM_A,F48_API|PERM_A,False,31,4,35,0,,,0,1,True,3,4,1,0,reachable-refactoring,5,6,30,637,1344,637,1344,3690,35
49,field,False,F49_API|PERM_A,F49_API|PERM_B,False,24,11,35,0,,,0,1,True,4,4,1,0,changing,5,6,30,637,1344,637,1344,3690,35
50,field,True,F50_API|PERM_A,F50_API|PERM_A,True,20,0,20,1,3,3,3,8,True,0,0,2,3,closure-neutral-addition,9,2,23,245,372,296,444,972,28
51,field,False,F51_API|PERM_A,F51_API|PERM_B,False,10,11,21,0,,,0,1,True,1,0,2,0,changing,6,2,17,181,256,181,256,596,21
52,field,True,F52_API|PERM_A,F52_API|PERM_A,True,22,0,22,0,,,0,1,True,2,0,2,0,closure-neutral-addition,6,3,18,193,268,193,268,620,22
53,field,False,F53_API|PERM_A,F53_API|PERM_B,False,10,13,23,0,,,0,1,True,3,0,2,0,changing,6,2,19,205,280,205,280,644,23
54,field,True,F54_API|PERM_A,F54_API|PERM_A,False,21,4,25,0,,,0,1,True,4,0,2,0,reachable-refactoring,6,2,21,229,304,229,304,692,25
55,field,False,F55_API|PERM_A,F55_API|PERM_B,False,14,10,24,1,1,1,1,2,True,0,1,2,1,changing,6,3,20,258,452,262,460,1140,26
56,field,True,F56_API|PERM_A,F56_API|PERM_A,True,25,0,25,0,,,0,1,True,1,1,2,0,closure-neutral-addition,7,3,22,278,472,278,472,1168,25
57,field,False,F57_API|PERM_A,F57_API|PERM_B,False,14,12,26,0,,,0,1,True,2,1,2,0,changing,6,3,21,290,484,290,484,1196,26
58,field,True,F58_API|PERM_A,F58_API|PERM_A,True,27,0,27,0,,,0,1,True,3,1,2,0,closure-neutral-addition,6,4,22,306,500,306,500,1228,27
59,field,False,F59_API|PERM_A,F59_API|PERM_B,False,14,14,28,0,,,0,1,True,4,1,2,0,changing,6,3,23,322,516,322,516,1260,28
60,field,True,F60_API|PERM_A,F60_API|PERM_A,False,25,4,29,1,2,2,2,4,True,0,2,2,2,reachable-refactoring,7,4,26,467,980,487,1025,2615,34
61,field,False,F61_API|PERM_A,F61_API|PERM_B,False,18,11,29,0,,,0,1,True,1,2,2,0,changing,6,4,23,397,784,397,784,2036,29
62,field,True,F62_API|PERM_A,F62_API|PERM_A,True,30,0,30,0,,,0,1,True,2,2,2,0,closure-neutral-addition,7,4,26,421,808,421,808,2080,30
63,field,False,F63_API|PERM_A,F63_API|PERM_B,False,18,13,31,0,,,0,1,True,3,2,2,0,changing,6,4,25,437,824,437,824,2116,31
64,field,True,F64_API|PERM_A,F64_API|PERM_A,True,32,0,32,0,,,0,1,True,4,2,2,0,closure-neutral-addition,6,5,26,457,844,457,844,2156,32
65,field,False,F65_API|PERM_A,F65_API|PERM_B,False,22,10,32,1,3,3,3,8,True,0,3,2,3,changing,8,5,30,698,1806,770,1914,5034,40
66,field,True,F66_API|PERM_A,F66_API|PERM_A,False,30,4,34,0,,,0,1,True,1,3,2,0,reachable-refactoring,6,5,27,580,1252,580,1252,3332,34
67,field,False,F67_API|PERM_A,F67_API|PERM_B,False,22,12,34,0,,,0,1,True,2,3,2,0,changing,6,5,27,580,1252,580,1252,3332,34
68,field,True,F68_API|PERM_A,F68_API|PERM_A,True,35,0,35,0,,,0,1,True,3,3,2,0,closure-neutral-addition,7,5,30,608,1280,608,1280,3384,35
69,field,False,F69_API|PERM_A,F69_API|PERM_B,False,22,14,36,0,,,0,1,True,4,3,2,0,changing,6,5,29,628,1300,628,1300,3428,36
70,field,True,F70_API|PERM_A,F70_API|PERM_A,True,36,0,36,1,1,1,1,2,True,0,4,2,1,closure-neutral-addition,6,7,29,729,1796,733,1804,4932,38
71,field,False,F71_API|PERM_A,F71_API|PERM_B,False,26,11,37,0,,,0,1,True,1,4,2,0,changing,6,6,29,757,1824,757,1824,4980,37
72,field,True,F72_API|PERM_A,F72_API|PERM_A,False,35,4,39,0,,,0,1,True,2,4,2,0,reachable-refactoring,6,6,31,813,1880,813,1880,5092,39
73,field,False,F73_API|PERM_A,F73_API|PERM_B,False,26,13,39,0,,,0,1,True,3,4,2,0,changing,6,6,31,813,1880,813,1880,5092,39
74,field,True,F74_API|PERM_A,F74_API|PERM_A,True,40,0,40,0,,,0,1,True,4,4,2,0,closure-neutral-addition,7,6,34,845,1912,845,1912,5152,40
75,field,False,F75_API|PERM_A,F75_API|PERM_B,False,12,13,25,1,2,2,2,4,True,0,0,3,2,changing,8,2,21,302,444,323,486,1068,30
76,field,True,F76_API|PERM_A,F76_API|PERM_A,True,26,0,26,0,,,0,1,True,1,0,3,0,closure-neutral-addition,7,3,19,272,385,272,385,870,26
77,field,False,F77_API|PERM_A,F77_API|PERM_B,False,12,15,27,0,,,0,1,True,2,0,3,0,changing,7,2,20,287,400,287,400,900,27
78,field,True,F78_API|PERM_A,F78_API|PERM_A,False,25,4,29,0,,,0,1,True,3,0,3,0,reachable-refactoring,7,2,22,317,430,317,430,960,29
79,field,False,F79_API|PERM_A,F79_API|PERM_B,False,12,17,29,0,,,0,1,True,4,0,3,0,changing,7,2,22,317,430,317,430,960,29
80,field,True,F80_API|PERM_A,F80_API|PERM_A,True,29,0,29,1,3,3,3,8,True,0,1,3,3,closure-neutral-addition,10,3,28,507,917,574,1015,2373,37
81,field,False,F81_API|PERM_A,F81_API|PERM_B,False,16,14,30,0,,,0,1,True,1,1,3,0,changing,7,3,22,396,670,396,670,1620,30
82,field,True,F82_API|PERM_A,F82_API|PERM_A,True,31,0,31,0,,,0,1,True,2,1,3,0,closure-neutral-addition,7,4,23,416,690,416,690,1660,31
83,field,False,F83_API|PERM_A,F83_API|PERM_B,False,16,16,32,0,,,0,1,True,3,1,3,0,changing,7,3,24,436,710,436,710,1700,32
84,field,True,F84_API|PERM_A,F84_API|PERM_A,False,30,4,34,0,,,0,1,True,4,1,3,0,reachable-refactoring,7,3,26,476,750,476,750,1780,34
85,field,False,F85_API|PERM_A,F85_API|PERM_B,False,20,13,33,1,1,1,1,2,True,0,2,3,1,changing,7,4,25,527,1060,532,1070,2710,35
86,field,True,F86_API|PERM_A,F86_API|PERM_A,True,34,0,34,0,,,0,1,True,1,2,3,0,closure-neutral-addition,8,4,27,557,1090,557,1090,2755,34
87,field,False,F87_API|PERM_A,F87_API|PERM_B,False,20,15,35,0,,,0,1,True,2,2,3,0,changing,7,4,26,577,1110,577,1110,2800,35
88,field,True,F88_API|PERM_A,F88_API|PERM_A,True,36,0,36,0,,,0,1,True,3,2,3,0,closure-neutral-addition,7,5,27,602,1135,602,1135,2850,36
89,field,False,F89_API|PERM_A,F89_API|PERM_B,False,20,17,37,0,,,0,1,True,4,2,3,0,changing,7,4,28,627,1160,627,1160,2900,37
90,field,True,F90_API|PERM_A,F90_API|PERM_A,False,34,4,38,1,2,2,2,4,True,0,3,3,2,reachable-refactoring,8,5,31,854,1992,878,2052,5316,43
91,field,False,F91_API|PERM_A,F91_API|PERM_B,False,24,14,38,0,,,0,1,True,1,3,3,0,changing,7,5,28,746,1660,746,1660,4350,38
92,field,True,F92_API|PERM_A,F92_API|PERM_A,True,39,0,39,0,,,0,1,True,2,3,3,0,closure-neutral-addition,8,5,31,781,1695,781,1695,4415,39
93,field,False,F93_API|PERM_A,F93_API|PERM_B,False,24,16,40,0,,,0,1,True,3,3,3,0,changing,7,5,30,806,1720,806,1720,4470,40
94,field,True,F94_API|PERM_A,F94_API|PERM_A,True,41,0,41,0,,,0,1,True,4,3,3,0,closure-neutral-addition,7,6,31,836,1750,836,1750,4530,41
95,field,False,F95_API|PERM_A,F95_API|PERM_B,False,28,13,41,1,3,3,3,8,True,0,4,3,3,changing,9,6,35,1199,3346,1290,3486,9254,49
96,field,True,F96_API|PERM_A,F96_API|PERM_A,False,39,4,43,0,,,0,1,True,1,4,3,0,reachable-refactoring,7,6,32,1019,2460,1019,2460,6580,43
97,field,False,F97_API|PERM_A,F97_API|PERM_B,False,28,15,43,0,,,0,1,True,2,4,3,0,changing,7,6,32,1019,2460,1019,2460,6580,43
98,field,True,F98_API|PERM_A,F98_API|PERM_A,True,44,0,44,0,,,0,1,True,3,4,3,0,closure-neutral-addition,8,6,35,1059,2500,1059,2500,6655,44
99,field,False,F99_API|PERM_A,F99_API|PERM_B,False,28,17,45,0,,,0,1,True,4,4,3,0,changing,7,6,34,1089,2530,1089,2530,6720,45
100,context,True,C0_API|PERM_A,C0_API|PERM_A,False,15,4,19,1,2,2,2,4,True,0,0,0,2,reachable-refactoring,6,0,17,173,185,211,225,485,24
101,context,False,C1_API|PERM_A,C1_API|PERM_B,False,15,4,19,0,,,0,1,True,1,0,0,0,changing,5,0,14,140,148,140,148,340,19
102,context,True,C2_API|PERM_A,C2_API|PERM_A,True,20,0,20,0,,,0,1,True,2,0,0,0,closure-neutral-addition,6,0,17,160,168,160,168,376,20
103,context,False,C3_API|PERM_A,C3_API|PERM_B,False,15,6,21,0,,,0,1,True,3,0,0,0,changing,5,0,16,172,180,172,180,404,21
104,context,True,C4_API|PERM_A,C4_API|PERM_A,True,22,0,22,0,,,0,1,True,4,0,0,0,closure-neutral-addition,5,0,17,188,196,188,196,436,22
105,context,False,C5_API|PERM_A,C5_API|PERM_B,False,20,3,23,1,3,3,3,8,True,0,1,0,3,changing,7,0,19,240,301,334,399,889,31
106,context,True,C6_API|PERM_A,C6_API|PERM_A,False,21,4,25,0,,,0,1,True,1,1,0,0,reachable-refactoring,5,0,16,214,255,214,255,605,25
107,context,False,C7_API|PERM_A,C7_API|PERM_B,False,20,5,25,0,,,0,1,True,2,1,0,0,changing,5,0,16,214,255,214,255,605,25
108,context,True,C8_API|PERM_A,C8_API|PERM_A,True,26,0,26,0,,,0,1,True,3,1,0,0,closure-neutral-addition,6,0,19,239,280,239,280,650,26
109,context,False,C9_API|PERM_A,C9_API|PERM_B,False,20,7,27,0,,,0,1,True,4,1,0,0,changing,5,0,18,254,295,254,295,685,27
110,context,True,C10_API|PERM_A,C10_API|PERM_A,True,28,0,28,1,1,1,1,2,True,0,2,0,1,closure-neutral-addition,5,0,16,232,318,238,330,810,30
111,context,False,C11_API|PERM_A,C11_API|PERM_B,False,25,4,29,0,,,0,1,True,1,2,0,0,changing,5,0,16,256,342,256,342,846,29
112,context,True,C12_API|PERM_A,C12_API|PERM_A,False,27,4,31,0,,,0,1,True,2,2,0,0,reachable-refactoring,5,0,18,304,390,304,390,942,31
113,context,False,C13_API|PERM_A,C13_API|PERM_B,False,25,6,31,0,,,0,1,True,3,2,0,0,changing,5,0,18,304,390,304,390,942,31
114,context,True,C14_API|PERM_A,C14_API|PERM_A,True,32,0,32,0,,,0,1,True,4,2,0,0,closure-neutral-addition,6,0,21,334,420,334,420,996,32
115,context,False,C15_API|PERM_A,C15_API|PERM_B,False,30,3,33,1,2,2,2,4,True,0,3,0,2,changing,6,0,19,339,504,398,568,1384,38
116,context,True,C16_API|PERM_A,C16_API|PERM_A,True,34,0,34,0,,,0,1,True,1,3,0,0,closure-neutral-addition,5,0,17,326,469,326,469,1183,34
117,context,False,C17_API|PERM_A,C17_API|PERM_B,False,30,5,35,0,,,0,1,True,2,3,0,0,changing,5,0,18,354,497,354,497,1239,35
118,context,True,C18_API|PERM_A,C18_API|PERM_A,False,33,4,37,0,,,0,1,True,3,3,0,0,reachable-refactoring,5,0,20,410,553,410,553,1351,37
119,context,False,C19_API|PERM_A,C19_API|PERM_B,False,30,7,37,0,,,0,1,True,4,3,0,0,changing,5,0,20,410,553,410,553,1351,37
120,context,True,C20_API|PERM_A,C20_API|PERM_A,True,38,0,38,1,3,3,3,8,True,0,4,0,3,closure-neutral-addition,8,0,24,472,740,605,880,2120,46
121,context,False,C21_API|PERM_A,C21_API|PERM_B,False,35,4,39,0,,,0,1,True,1,4,0,0,changing,5,0,18,404,616,404,616,1576,39
122,context,True,C22_API|PERM_A,C22_API|PERM_A,True,40,0,40,0,,,0,1,True,2,4,0,0,closure-neutral-addition,5,0,19,436,648,436,648,1640,40
123,context,False,C23_API|PERM_A,C23_API|PERM_B,False,35,6,41,0,,,0,1,True,3,4,0,0,changing,5,0,20,468,680,468,680,1704,41
124,context,True,C24_API|PERM_A,C24_API|PERM_A,False,39,4,43,0,,,0,1,True,4,4,0,0,reachable-refactoring,5,0,22,532,744,532,744,1832,43
125,context,False,C25_API|PERM_A,C25_API|PERM_B,False,15,3,18,1,1,1,1,2,True,0,0,1,1,changing,5,0,14,124,132,128,140,316,20
126,context,True,C26_API|PERM_A,C26_API|PERM_A,True,19,0,19,0,,,0,1,True,1,0,1,0,closure-neutral-addition,6,0,16,144,152,144,152,344,19
127,context,False,C27_API|PERM_A,C27_API|PERM_B,False,15,5,20,0,,,0,1,True,2,0,1,0,changing,5,0,15,156,164,156,164,372,20
128,context,True,C28_API|PERM_A,C28_API|PERM_A,True,21,0,21,0,,,0,1,True,3,0,1,0,closure-neutral-addition,5,0,16,172,180,172,180,404,21
129,context,False,C29_API|PERM_A,C29_API|PERM_B,False,15,7,22,0,,,0,1,True,4,0,1,0,changing,5,0,17,188,196,188,196,436,22
130,context,True,C30_API|PERM_A,C30_API|PERM_A,False,20,4,24,1,2,2,2,4,True,0,1,1,2,reachable-refactoring,6,0,18,231,282,276,330,750,29
131,context,False,C31_API|PERM_A,C31_API|PERM_B,False,20,4,24,0,,,0,1,True,1,1,1,0,changing,5,0,15,194,235,194,235,565,24
132,context,True,C32_API|PERM_A,C32_API|PERM_A,True,25,0,25,0,,,0,1,True,2,1,1,0,closure-neutral-addition,6,0,18,219,260,219,260,610,25
133,context,False,C33_API|PERM_A,C33_API|PERM_B,False,20,6,26,0,,,0,1,True,3,1,1,0,changing,5,0,17,234,275,234,275,645,26
134,context,True,C34_API|PERM_A,C34_API|PERM_A,True,27,0,27,0,,,0,1,True,4,1,1,0,closure-neutral-addition,5,0,18,254,295,254,295,685,27
135,context,False,C35_API|PERM_A,C35_API|PERM_B,False,25,3,28,1,3,3,3,8,True,0,2,1,3,changing,7,0,20,306,424,413,536,1240,36
136,context,True,C36_API|PERM_A,C36_API|PERM_A,False,26,4,30,0,,,0,1,True,1,2,1,0,reachable-refactoring,5,0,17,280,366,280,366,894,30
137,context,False,C37_API|PERM_A,C37_API|PERM_B,False,25,5,30,0,,,0,1,True,2,2,1,0,changing,5,0,17,280,366,280,366,894,30
138,context,True,C38_API|PERM_A,C38_API|PERM_A,True,31,0,31,0,,,0,1,True,3,2,1,0,closure-neutral-addition,6,0,20,310,396,310,396,948,31
139,context,False,C39_API|PERM_A,C39_API|PERM_B,False,25,7,32,0,,,0,1,True,4,2,1,0,changing,5,0,19,328,414,328,414,990,32
140,context,True,C40_API|PERM_A,C40_API|PERM_A,True,33,0,33,1,1,1,1,2,True,0,3,1,1,closure-neutral-addition,5,0,17,298,441,305,455,1141,35
141,context,False,C41_API|PERM_A,C41_API|PERM_B,False,30,4,34,0,,,0,1,True,1,3,1,0,changing,5,0,17,326,469,326,469,1183,34
142,context,True,C42_API|PERM_A,C42_API|PERM_A,False,32,4,36,0,,,0,1,True,2,3,1,0,reachable-refactoring,5,0,19,382,525,382,525,1295,36
143,context,False,C43_API|PERM_A,C43_API|PERM_B,False,30,6,36,0,,,0,1,True,3,3,1,0,changing,5,0,19,382,525,382,525,1295,36
144,context,True,C44_API|PERM_A,C44_API|PERM_A,True,37,0,37,0,,,0,1,True,4,3,1,0,closure-neutral-addition,6,0,22,417,560,417,560,1358,37
145,context,False,C45_API|PERM_A,C45_API|PERM_B,False,35,3,38,1,2,2,2,4,True,0,4,1,2,changing,6,0,20,417,657,483,729,1809,43
146,context,True,C46_API|PERM_A,C46_API|PERM_A,True,39,0,39,0,,,0,1,True,1,4,1,0,closure-neutral-addition,5,0,18,404,616,404,616,1576,39
147,context,False,C47_API|PERM_A,C47_API|PERM_B,False,35,5,40,0,,,0,1,True,2,4,1,0,changing,5,0,19,436,648,436,648,1640,40
148,context,True,C48_API|PERM_A,C48_API|PERM_A,False,38,4,42,0,,,0,1,True,3,4,1,0,reachable-refactoring,5,0,21,500,712,500,712,1768,42
149,context,False,C49_API|PERM_A,C49_API|PERM_B,False,35,7,42,0,,,0,1,True,4,4,1,0,changing,5,0,21,500,712,500,712,1768,42
150,context,True,C50_API|PERM_A,C50_API|PERM_A,True,18,0,18,1,3,3,3,8,True,0,0,2,3,closure-neutral-addition,8,0,20,188,204,269,288,600,26
151,context,False,C51_API|PERM_A,C51_API|PERM_B,False,15,4,19,0,,,0,1,True,1,0,2,0,changing,5,0,14,140,148,140,148,340,19
152,context,True,C52_API|PERM_A,C52_API|PERM_A,True,20,0,20,0,,,0,1,True,2,0,2,0,closure-neutral-addition,5,0,15,156,164,156,164,372,20
153,context,False,C53_API|PERM_A,C53_API|PERM_B,False,15,6,21,0,,,0,1,True,3,0,2,0,changing,5,0,16,172,180,172,180,404,21
154,context,True,C54_API|PERM_A,C54_API|PERM_A,False,19,4,23,0,,,0,1,True,4,0,2,0,reachable-refactoring,5,0,18,204,212,204,212,468,23
155,context,False,C55_API|PERM_A,C55_API|PERM_B,False,20,3,23,1,1,1,1,2,True,0,1,2,1,changing,5,0,15,174,215,179,225,535,25
156,context,True,C56_API|PERM_A,C56_API|PERM_A,True,24,0,24,0,,,0,1,True,1,1,2,0,closure-neutral-addition,6,0,17,199,240,199,240,570,24
157,context,False,C57_API|PERM_A,C57_API|PERM_B,False,20,5,25,0,,,0,1,True,2,1,2,0,changing,5,0,16,214,255,214,255,605,25
158,context,True,C58_API|PERM_A,C58_API|PERM_A,True,26,0,26,0,,,0,1,True,3,1,2,0,closure-neutral-addition,5,0,17,234,275,234,275,645,26
159,context,False,C59_API|PERM_A,C59_API|PERM_B,False,20,7,27,0,,,0,1,True,4,1,2,0,changing,5,0,18,254,295,254,295,685,27
160,context,True,C60_API|PERM_A,C60_API|PERM_A,False,25,4,29,1,2,2,2,4,True,0,2,2,2,reachable-refactoring,6,0,19,297,399,349,455,1071,34
161,context,False,C61_API|PERM_A,C61_API|PERM_B,False,25,4,29,0,,,0,1,True,1,2,2,0,changing,5,0,16,256,342,256,342,846,29
162,context,True,C62_API|PERM_A,C62_API|PERM_A,True,30,0,30,0,,,0,1,True,2,2,2,0,closure-neutral-addition,6,0,19,286,372,286,372,900,30
163,context,False,C63_API|PERM_A,C63_API|PERM_B,False,25,6,31,0,,,0,1,True,3,2,2,0,changing,5,0,18,304,390,304,390,942,31
164,context,True,C64_API|PERM_A,C64_API|PERM_A,True,32,0,32,0,,,0,1,True,4,2,2,0,closure-neutral-addition,5,0,19,328,414,328,414,990,32
165,context,False,C65_API|PERM_A,C65_API|PERM_B,False,30,3,33,1,3,3,3,8,True,0,3,2,3,changing,7,0,21,380,567,500,693,1647,41
166,context,True,C66_API|PERM_A,C66_API|PERM_A,False,31,4,35,0,,,0,1,True,1,3,2,0,reachable-refactoring,5,0,18,354,497,354,497,1239,35
167,context,False,C67_API|PERM_A,C67_API|PERM_B,False,30,5,35,0,,,0,1,True,2,3,2,0,changing,5,0,18,354,497,354,497,1239,35
168,context,True,C68_API|PERM_A,C68_API|PERM_A,True,36,0,36,0,,,0,1,True,3,3,2,0,closure-neutral-addition,6,0,21,389,532,389,532,1302,36
169,context,False,C69_API|PERM_A,C69_API|PERM_B,False,30,7,37,0,,,0,1,True,4,3,2,0,changing,5,0,20,410,553,410,553,1351,37
170,context,True,C70_API|PERM_A,C70_API|PERM_A,True,38,0,38,1,1,1,1,2,True,0,4,2,1,closure-neutral-addition,5,0,18,372,584,380,600,1528,40
171,context,False,C71_API|PERM_A,C71_API|PERM_B,False,35,4,39,0,,,0,1,True,1,4,2,0,changing,5,0,18,404,616,404,616,1576,39
172,context,True,C72_API|PERM_A,C72_API|PERM_A,False,37,4,41,0,,,0,1,True,2,4,2,0,reachable-refactoring,5,0,20,468,680,468,680,1704,41
173,context,False,C73_API|PERM_A,C73_API|PERM_B,False,35,6,41,0,,,0,1,True,3,4,2,0,changing,5,0,20,468,680,468,680,1704,41
174,context,True,C74_API|PERM_A,C74_API|PERM_A,True,42,0,42,0,,,0,1,True,4,4,2,0,closure-neutral-addition,6,0,23,508,720,508,720,1776,42
175,context,False,C75_API|PERM_A,C75_API|PERM_B,False,15,3,18,1,2,2,2,4,True,0,0,3,2,changing,6,0,16,153,165,191,205,445,23
176,context,True,C76_API|PERM_A,C76_API|PERM_A,True,19,0,19,0,,,0,1,True,1,0,3,0,closure-neutral-addition,5,0,14,140,148,140,148,340,19
177,context,False,C77_API|PERM_A,C77_API|PERM_B,False,15,5,20,0,,,0,1,True,2,0,3,0,changing,5,0,15,156,164,156,164,372,20
178,context,True,C78_API|PERM_A,C78_API|PERM_A,False,18,4,22,0,,,0,1,True,3,0,3,0,reachable-refactoring,5,0,17,188,196,188,196,436,22
179,context,False,C79_API|PERM_A,C79_API|PERM_B,False,15,7,22,0,,,0,1,True,4,0,3,0,changing,5,0,17,188,196,188,196,436,22
180,context,True,C80_API|PERM_A,C80_API|PERM_A,True,23,0,23,1,3,3,3,8,True,0,1,3,3,closure-neutral-addition,8,0,21,247,308,341,406,896,31
181,context,False,C81_API|PERM_A,C81_API|PERM_B,False,20,4,24,0,,,0,1,True,1,1,3,0,changing,5,0,15,194,235,194,235,565,24
182,context,True,C82_API|PERM_A,C82_API|PERM_A,True,25,0,25,0,,,0,1,True,2,1,3,0,closure-neutral-addition,5,0,16,214,255,214,255,605,25
183,context,False,C83_API|PERM_A,C83_API|PERM_B,False,20,6,26,0,,,0,1,True,3,1,3,0,changing,5,0,17,234,275,234,275,645,26
184,context,True,C84_API|PERM_A,C84_API|PERM_A,False,24,4,28,0,,,0,1,True,4,1,3,0,reachable-refactoring,5,0,19,274,315,274,315,725,28
185,context,False,C85_API|PERM_A,C85_API|PERM_B,False,25,3,28,1,1,1,1,2,True,0,2,3,1,changing,5,0,16,232,318,238,330,810,30
186,context,True,C86_API|PERM_A,C86_API|PERM_A,True,29,0,29,0,,,0,1,True,1,2,3,0,closure-neutral-addition,6,0,18,262,348,262,348,852,29
187,context,False,C87_API|PERM_A,C87_API|PERM_B,False,25,5,30,0,,,0,1,True,2,2,3,0,changing,5,0,17,280,366,280,366,894,30
188,context,True,C88_API|PERM_A,C88_API|PERM_A,True,31,0,31,0,,,0,1,True,3,2,3,0,closure-neutral-addition,5,0,18,304,390,304,390,942,31
189,context,False,C89_API|PERM_A,C89_API|PERM_B,False,25,7,32,0,,,0,1,True,4,2,3,0,changing,5,0,19,328,414,328,414,990,32
190,context,True,C90_API|PERM_A,C90_API|PERM_A,False,30,4,34,1,2,2,2,4,True,0,3,3,2,reachable-refactoring,6,0,20,371,536,430,600,1448,39
191,context,False,C91_API|PERM_A,C91_API|PERM_B,False,30,4,34,0,,,0,1,True,1,3,3,0,changing,5,0,17,326,469,326,469,1183,34
192,context,True,C92_API|PERM_A,C92_API|PERM_A,True,35,0,35,0,,,0,1,True,2,3,3,0,closure-neutral-addition,6,0,20,361,504,361,504,1246,35
193,context,False,C93_API|PERM_A,C93_API|PERM_B,False,30,6,36,0,,,0,1,True,3,3,3,0,changing,5,0,19,382,525,382,525,1295,36
194,context,True,C94_API|PERM_A,C94_API|PERM_A,True,37,0,37,0,,,0,1,True,4,3,3,0,closure-neutral-addition,5,0,20,410,553,410,553,1351,37
195,context,False,C95_API|PERM_A,C95_API|PERM_B,False,35,3,38,1,3,3,3,8,True,0,4,3,3,changing,7,0,22,462,730,595,870,2110,46
196,context,True,C96_API|PERM_A,C96_API|PERM_A,False,36,4,40,0,,,0,1,True,1,4,3,0,reachable-refactoring,5,0,19,436,648,436,648,1640,40
197,context,False,C97_API|PERM_A,C97_API|PERM_B,False,35,5,40,0,,,0,1,True,2,4,3,0,changing,5,0,19,436,648,436,648,1640,40
198,context,True,C98_API|PERM_A,C98_API|PERM_A,True,41,0,41,0,,,0,1,True,3,4,3,0,closure-neutral-addition,6,0,22,476,688,476,688,1712,41
199,context,False,C99_API|PERM_A,C99_API|PERM_B,False,35,7,42,0,,,0,1,True,4,4,3,0,changing,5,0,21,500,712,500,712,1768,42
200,hierarchy,True,H0_API|PERM_A,H0_API|PERM_A,False,3,2,5,1,2,2,2,4,True,0,0,0,2,reachable-refactoring,5,0,10,14,12,24,27,33,10
201,hierarchy,False,H1_API|PERM_A,H1_API|PERM_B,False,0,3,5,0,,,0,1,True,1,0,0,0,changing,5,0,9,23,18,23,18,24,5
202,hierarchy,True,H2_API|PERM_A,H2_API|PERM_A,True,7,0,7,0,,,0,1,True,2,0,0,0,closure-neutral-addition,8,0,15,60,55,60,55,75,7
203,hierarchy,False,H3_API|PERM_A,H3_API|PERM_B,False,0,7,9,0,,,0,1,True,3,0,0,0,changing,9,0,17,103,98,103,98,140,9
204,hierarchy,True,H4_API|PERM_A,H4_API|PERM_A,True,11,0,11,0,,,0,1,True,4,0,0,0,closure-neutral-addition,11,0,21,167,162,167,162,234,11
205,hierarchy,False,H5_API|PERM_A,H5_API|PERM_B,False,0,1,3,1,3,3,3,8,True,0,1,0,3,changing,6,0,12,13,9,34,33,39,11
206,hierarchy,True,H6_API|PERM_A,H6_API|PERM_A,False,5,2,7,0,,,0,1,True,1,1,0,0,reachable-refactoring,8,0,15,53,55,53,55,75,7
207,hierarchy,False,H7_API|PERM_A,H7_API|PERM_B,False,0,5,7,0,,,0,1,True,2,1,0,0,changing,10,0,19,111,105,111,105,147,7
208,hierarchy,True,H8_API|PERM_A,H8_API|PERM_A,True,9,0,9,0,,,0,1,True,3,1,0,0,closure-neutral-addition,14,0,27,226,220,226,220,310,9
209,hierarchy,False,H9_API|PERM_A,H9_API|PERM_B,False,0,9,11,0,,,0,1,True,4,1,0,0,changing,16,0,31,357,351,357,351,507,11
210,hierarchy,True,H10_API|PERM_A,H10_API|PERM_A,True,3,0,3,1,1,1,1,2,True,0,2,0,1,closure-neutral-addition,5,0,10,8,4,9,6,6,5
211,hierarchy,False,H11_API|PERM_A,H11_API|PERM_B,False,0,3,5,0,,,0,1,True,1,2,0,0,changing,9,0,17,67,60,67,60,80,5
212,hierarchy,True,H12_API|PERM_A,H12_API|PERM_A,False,7,2,9,0,,,0,1,True,2,2,0,0,reachable-refactoring,14,0,27,209,220,209,220,310,9
213,hierarchy,False,H13_API|PERM_A,H13_API|PERM_B,False,0,7,9,0,,,0,1,True,3,2,0,0,changing,17,0,33,371,364,371,364,520,9
214,hierarchy,True,H14_API|PERM_A,H14_API|PERM_A,True,11,0,11,0,,,0,1,True,4,2,0,0,closure-neutral-addition,22,0,43,636,629,636,629,901,11
215,hierarchy,False,H15_API|PERM_A,H15_API|PERM_B,False,0,1,3,1,2,2,2,4,True,0,3,0,2,changing,7,0,14,14,10,22,20,22,8
216,hierarchy,True,H16_API|PERM_A,H16_API|PERM_A,True,5,0,5,0,,,0,1,True,1,3,0,0,closure-neutral-addition,11,0,21,98,90,98,90,120,5
217,hierarchy,False,H17_API|PERM_A,H17_API|PERM_B,False,0,5,7,0,,,0,1,True,2,3,0,0,changing,16,0,31,283,275,283,275,385,7
218,hierarchy,True,H18_API|PERM_A,H18_API|PERM_A,False,9,2,11,0,,,0,1,True,3,3,0,0,reachable-refactoring,22,0,43,605,629,605,629,901,11
219,hierarchy,False,H19_API|PERM_A,H19_API|PERM_B,False,0,9,11,0,,,0,1,True,4,3,0,0,changing,26,0,51,953,945,953,945,1365,11
220,hierarchy,True,H20_API|PERM_A,H20_API|PERM_A,True,3,0,3,1,3,3,3,8,True,0,4,0,3,closure-neutral-addition,10,0,20,25,21,46,45,51,11
221,hierarchy,False,H21_API|PERM_A,H21_API|PERM_B,False,0,3,5,0,,,0,1,True,1,4,0,0,changing,13,0,25,135,126,135,126,168,5
222,hierarchy,True,H22_API|PERM_A,H22_API|PERM_A,True,7,0,7,0,,,0,1,True,2,4,0,0,closure-neutral-addition,19,0,37,399,390,399,390,546,7
223,hierarchy,False,H23_API|PERM_A,H23_API|PERM_B,False,0,7,9,0,,,0,1,True,3,4,0,0,changing,25,0,49,807,798,807,798,1140,9
224,hierarchy,True,H24_API|PERM_A,H24_API|PERM_A,False,11,2,13,0,,,0,1,True,4,4,0,0,reachable-refactoring,32,0,63,1415,1456,1415,1456,2106,13
225,hierarchy,False,H25_API|PERM_A,H25_API|PERM_B,False,0,1,3,1,1,1,1,2,True,0,0,1,1,changing,3,0,6,6,2,7,4,4,5
226,hierarchy,True,H26_API|PERM_A,H26_API|PERM_A,True,5,0,5,0,,,0,1,True,1,0,1,0,closure-neutral-addition,6,0,11,26,21,26,21,27,5
227,hierarchy,False,H27_API|PERM_A,H27_API|PERM_B,False,0,5,7,0,,,0,1,True,2,0,1,0,changing,7,0,13,55,50,55,50,70,7
228,hierarchy,True,H28_API|PERM_A,H28_API|PERM_A,True,9,0,9,0,,,0,1,True,3,0,1,0,closure-neutral-addition,9,0,17,103,98,103,98,140,9
229,hierarchy,False,H29_API|PERM_A,H29_API|PERM_B,False,0,9,11,0,,,0,1,True,4,0,1,0,changing,11,0,21,167,162,167,162,234,11
230,hierarchy,True,H30_API|PERM_A,H30_API|PERM_A,False,3,2,5,1,2,2,2,4,True,0,1,1,2,reachable-refactoring,6,0,12,17,15,27,30,36,10
231,hierarchy,False,H31_API|PERM_A,H31_API|PERM_B,False,0,3,5,0,,,0,1,True,1,1,1,0,changing,7,0,13,42,36,42,36,48,5
232,hierarchy,True,H32_API|PERM_A,H32_API|PERM_A,True,7,0,7,0,,,0,1,True,2,1,1,0,closure-neutral-addition,11,0,21,118,112,118,112,154,7
233,hierarchy,False,H33_API|PERM_A,H33_API|PERM_B,False,0,7,9,0,,,0,1,True,3,1,1,0,changing,13,0,25,216,210,216,210,300,9
234,hierarchy,True,H34_API|PERM_A,H34_API|PERM_A,True,11,0,11,0,,,0,1,True,4,1,1,0,closure-neutral-addition,16,0,31,357,351,357,351,507,11
235,hierarchy,False,H35_API|PERM_A,H35_API|PERM_B,False,0,1,3,1,3,3,3,8,True,0,2,1,3,changing,7,0,14,16,12,37,36,42,11
236,hierarchy,True,H36_API|PERM_A,H36_API|PERM_A,False,5,2,7,0,,,0,1,True,1,2,1,0,reachable-refactoring,10,0,19,81,84,81,84,114,7
237,hierarchy,False,H37_API|PERM_A,H37_API|PERM_B,False,0,5,7,0,,,0,1,True,2,2,1,0,changing,13,0,25,187,180,187,180,252,7
238,hierarchy,True,H38_API|PERM_A,H38_API|PERM_A,True,9,0,9,0,,,0,1,True,3,2,1,0,closure-neutral-addition,18,0,35,384,377,384,377,533,9
239,hierarchy,False,H39_API|PERM_A,H39_API|PERM_B,False,0,9,11,0,,,0,1,True,4,2,1,0,changing,21,0,41,619,612,619,612,884,11
240,hierarchy,True,H40_API|PERM_A,H40_API|PERM_A,True,3,0,3,1,1,1,1,2,True,0,3,1,1,closure-neutral-addition,6,0,12,9,5,10,7,7,5
241,hierarchy,False,H41_API|PERM_A,H41_API|PERM_B,False,0,3,5,0,,,0,1,True,1,3,1,0,changing,11,0,21,98,90,98,90,120,5
242,hierarchy,True,H42_API|PERM_A,H42_API|PERM_A,False,7,2,9,0,,,0,1,True,2,3,1,0,reachable-refactoring,17,0,33,310,324,310,324,456,9
243,hierarchy,False,H43_API|PERM_A,H43_API|PERM_B,False,0,7,9,0,,,0,1,True,3,3,1,0,changing,21,0,41,568,560,568,560,800,9
244,hierarchy,True,H44_API|PERM_A,H44_API|PERM_A,True,11,0,11,0,,,0,1,True,4,3,1,0,closure-neutral-addition,27,0,53,974,966,974,966,1386,11
245,hierarchy,False,H45_API|PERM_A,H45_API|PERM_B,False,0,1,3,1,2,2,2,4,True,0,4,1,2,changing,8,0,16,16,12,24,22,24,8
246,hierarchy,True,H46_API|PERM_A,H46_API|PERM_A,True,5,0,5,0,,,0,1,True,1,4,1,0,closure-neutral-addition,13,0,25,135,126,135,126,168,5
247,hierarchy,False,H47_API|PERM_A,H47_API|PERM_B,False,0,5,7,0,,,0,1,True,2,4,1,0,changing,19,0,37,399,390,399,390,546,7
248,hierarchy,True,H48_API|PERM_A,H48_API|PERM_A,False,9,2,11,0,,,0,1,True,3,4,1,0,reachable-refactoring,26,0,51,851,880,851,880,1260,11
249,hierarchy,False,H49_API|PERM_A,H49_API|PERM_B,False,0,9,11,0,,,0,1,True,4,4,1,0,changing,31,0,61,1359,1350,1359,1350,1950,11
250,hierarchy,True,H50_API|PERM_A,H50_API|PERM_A,True,3,0,3,1,3,3,3,8,True,0,0,2,3,closure-neutral-addition,6,0,12,13,9,34,33,39,11
251,hierarchy,False,H51_API|PERM_A,H51_API|PERM_B,False,0,3,5,0,,,0,1,True,1,0,2,0,changing,5,0,9,23,18,23,18,24,5
252,hierarchy,True,H52_API|PERM_A,H52_API|PERM_A,True,7,0,7,0,,,0,1,True,2,0,2,0,closure-neutral-addition,7,0,13,55,50,55,50,70,7
253,hierarchy,False,H53_API|PERM_A,H53_API|PERM_B,False,0,7,9,0,,,0,1,True,3,0,2,0,changing,9,0,17,103,98,103,98,140,9
254,hierarchy,True,H54_API|PERM_A,H54_API|PERM_A,False,11,2,13,0,,,0,1,True,4,0,2,0,reachable-refactoring,12,0,23,187,200,187,200,290,13
255,hierarchy,False,H55_API|PERM_A,H55_API|PERM_B,False,0,1,3,1,1,1,1,2,True,0,1,2,1,changing,4,0,8,7,3,8,5,5,5
256,hierarchy,True,H56_API|PERM_A,H56_API|PERM_A,True,5,0,5,0,,,0,1,True,1,1,2,0,closure-neutral-addition,8,0,15,46,40,46,40,52,5
257,hierarchy,False,H57_API|PERM_A,H57_API|PERM_B,False,0,5,7,0,,,0,1,True,2,1,2,0,changing,10,0,19,111,105,111,105,147,7
258,hierarchy,True,H58_API|PERM_A,H58_API|PERM_A,True,9,0,9,0,,,0,1,True,3,1,2,0,closure-neutral-addition,13,0,25,216,210,216,210,300,9
259,hierarchy,False,H59_API|PERM_A,H59_API|PERM_B,False,0,9,11,0,,,0,1,True,4,1,2,0,changing,16,0,31,357,351,357,351,507,11
260,hierarchy,True,H60_API|PERM_A,H60_API|PERM_A,False,3,2,5,1,2,2,2,4,True,0,2,2,2,reachable-refactoring,7,0,14,20,18,30,33,39,10
261,hierarchy,False,H61_API|PERM_A,H61_API|PERM_B,False,0,3,5,0,,,0,1,True,1,2,2,0,changing,9,0,17,67,60,67,60,80,5
262,hierarchy,True,H62_API|PERM_A,H62_API|PERM_A,True,7,0,7,0,,,0,1,True,2,2,2,0,closure-neutral-addition,14,0,27,196,189,196,189,261,7
263,hierarchy,False,H63_API|PERM_A,H63_API|PERM_B,False,0,7,9,0,,,0,1,True,3,2,2,0,changing,17,0,33,371,364,371,364,520,9
264,hierarchy,True,H64_API|PERM_A,H64_API|PERM_A,True,11,0,11,0,,,0,1,True,4,2,2,0,closure-neutral-addition,21,0,41,619,612,619,612,884,11
265,hierarchy,False,H65_API|PERM_A,H65_API|PERM_B,False,0,1,3,1,3,3,3,8,True,0,3,2,3,changing,8,0,16,19,15,40,39,45,11
266,hierarchy,True,H66_API|PERM_A,H66_API|PERM_A,False,5,2,7,0,,,0,1,True,1,3,2,0,reachable-refactoring,12,0,23,115,119,115,119,161,7
267,hierarchy,False,H67_API|PERM_A,H67_API|PERM_B,False,0,5,7,0,,,0,1,True,2,3,2,0,changing,16,0,31,283,275,283,275,385,7
268,hierarchy,True,H68_API|PERM_A,H68_API|PERM_A,True,9,0,9,0,,,0,1,True,3,3,2,0,closure-neutral-addition,22,0,43,584,576,584,576,816,9
269,hierarchy,False,H69_API|PERM_A,H69_API|PERM_B,False,0,9,11,0,,,0,1,True,4,3,2,0,changing,26,0,51,953,945,953,945,1365,11
270,hierarchy,True,H70_API|PERM_A,H70_API|PERM_A,True,3,0,3,1,1,1,1,2,True,0,4,2,1,closure-neutral-addition,7,0,14,10,6,11,8,8,5
271,hierarchy,False,H71_API|PERM_A,H71_API|PERM_B,False,0,3,5,0,,,0,1,True,1,4,2,0,changing,13,0,25,135,126,135,126,168,5
272,hierarchy,True,H72_API|PERM_A,H72_API|PERM_A,False,7,2,9,0,,,0,1,True,2,4,2,0,reachable-refactoring,20,0,39,431,448,431,448,630,9
273,hierarchy,False,H73_API|PERM_A,H73_API|PERM_B,False,0,7,9,0,,,0,1,True,3,4,2,0,changing,25,0,49,807,798,807,798,1140,9
274,hierarchy,True,H74_API|PERM_A,H74_API|PERM_A,True,11,0,11,0,,,0,1,True,4,4,2,0,closure-neutral-addition,32,0,63,1384,1375,1384,1375,1975,11
275,hierarchy,False,H75_API|PERM_A,H75_API|PERM_B,False,0,1,3,1,2,2,2,4,True,0,0,3,2,changing,4,0,8,8,4,16,14,16,8
276,hierarchy,True,H76_API|PERM_A,H76_API|PERM_A,True,5,0,5,0,,,0,1,True,1,0,3,0,closure-neutral-addition,5,0,9,23,18,23,18,24,5
277,hierarchy,False,H77_API|PERM_A,H77_API|PERM_B,False,0,5,7,0,,,0,1,True,2,0,3,0,changing,7,0,13,55,50,55,50,70,7
278,hierarchy,True,H78_API|PERM_A,H78_API|PERM_A,False,9,2,11,0,,,0,1,True,3,0,3,0,reachable-refactoring,10,0,19,119,128,119,128,184,11
279,hierarchy,False,H79_API|PERM_A,H79_API|PERM_B,False,0,9,11,0,,,0,1,True,4,0,3,0,changing,11,0,21,167,162,167,162,234,11
280,hierarchy,True,H80_API|PERM_A,H80_API|PERM_A,True,3,0,3,1,3,3,3,8,True,0,1,3,3,closure-neutral-addition,7,0,14,16,12,37,36,42,11
281,hierarchy,False,H81_API|PERM_A,H81_API|PERM_B,False,0,3,5,0,,,0,1,True,1,1,3,0,changing,7,0,13,42,36,42,36,48,5
282,hierarchy,True,H82_API|PERM_A,H82_API|PERM_A,True,7,0,7,0,,,0,1,True,2,1,3,0,closure-neutral-addition,10,0,19,111,105,111,105,147,7
283,hierarchy,False,H83_API|PERM_A,H83_API|PERM_B,False,0,7,9,0,,,0,1,True,3,1,3,0,changing,13,0,25,216,210,216,210,300,9
284,hierarchy,True,H84_API|PERM_A,H84_API|PERM_A,False,11,2,13,0,,,0,1,True,4,1,3,0,reachable-refactoring,17,0,33,386,406,386,406,588,13
285,hierarchy,False,H85_API|PERM_A,H85_API|PERM_B,False,0,1,3,1,1,1,1,2,True,0,2,3,1,changing,5,0,10,8,4,9,6,6,5
286,hierarchy,True,H86_API|PERM_A,H86_API|PERM_A,True,5,0,5,0,,,0,1,True,1,2,3,0,closure-neutral-addition,10,0,19,72,65,72,65,85,5
287,hierarchy,False,H87_API|PERM_A,H87_API|PERM_B,False,0,5,7,0,,,0,1,True,2,2,3,0,changing,13,0,25,187,180,187,180,252,7
288,hierarchy,True,H88_API|PERM_A,H88_API|PERM_A,True,9,0,9,0,,,0,1,True,3,2,3,0,closure-neutral-addition,17,0,33,371,364,371,364,520,9
289,hierarchy,False,H89_API|PERM_A,H89_API|PERM_B,False,0,9,11,0,,,0,1,True,4,2,3,0,changing,21,0,41,619,612,619,612,884,11
290,hierarchy,True,H90_API|PERM_A,H90_API|PERM_A,False,3,2,5,1,2,2,2,4,True,0,3,3,2,reachable-refactoring,8,0,16,23,21,33,36,42,10
291,hierarchy,False,H91_API|PERM_A,H91_API|PERM_B,False,0,3,5,0,,,0,1,True,1,3,3,0,changing,11,0,21,98,90,98,90,120,5
292,hierarchy,True,H92_API|PERM_A,H92_API|PERM_A,True,7,0,7,0,,,0,1,True,2,3,3,0,closure-neutral-addition,17,0,33,294,286,294,286,396,7
293,hierarchy,False,H93_API|PERM_A,H93_API|PERM_B,False,0,7,9,0,,,0,1,True,3,3,3,0,changing,21,0,41,568,560,568,560,800,9
294,hierarchy,True,H94_API|PERM_A,H94_API|PERM_A,True,11,0,11,0,,,0,1,True,4,3,3,0,closure-neutral-addition,26,0,51,953,945,953,945,1365,11
295,hierarchy,False,H95_API|PERM_A,H95_API|PERM_B,False,0,1,3,1,3,3,3,8,True,0,4,3,3,changing,9,0,18,22,18,43,42,48,11
296,hierarchy,True,H96_API|PERM_A,H96_API|PERM_A,False,5,2,7,0,,,0,1,True,1,4,3,0,reachable-refactoring,14,0,27,155,160,155,160,216,7
297,hierarchy,False,H97_API|PERM_A,H97_API|PERM_B,False,0,5,7,0,,,0,1,True,2,4,3,0,changing,19,0,37,399,390,399,390,546,7
298,hierarchy,True,H98_API|PERM_A,H98_API|PERM_A,True,9,0,9,0,,,0,1,True,3,4,3,0,closure-neutral-addition,26,0,51,826,817,826,817,1159,9
299,hierarchy,False,H99_API|PERM_A,H99_API|PERM_B,False,0,9,11,0,,,0,1,True,4,4,3,0,changing,31,0,61,1359,1350,1359,1350,1950,11
