id,path,start_line,end_line,permission,slice_anchor_accepted,lexical_projection_accepted,source_evidence_accepted,must_queries,lower_rules,checker_steps
vibrator-cancel,services/core/java/com/android/server/vibrator/VibratorManagerService.java,479,484,android.permission.VIBRATE,True,True,True,1,1,29
vibrator-is-vibrating,services/core/java/com/android/server/vibrator/VibratorManagerService.java,302,307,android.permission.ACCESS_VIBRATOR_STATE,True,True,True,1,1,29
vibrator-register-listener,services/core/java/com/android/server/vibrator/VibratorManagerService.java,311,319,android.permission.ACCESS_VIBRATOR_STATE,True,True,True,1,1,29
vibrator-set-always-on,services/core/java/com/android/server/vibrator/VibratorManagerService.java,336,342,android.permission.VIBRATE_ALWAYS_ON,True,True,True,1,1,29
vibrator-unregister-listener,services/core/java/com/android/server/vibrator/VibratorManagerService.java,323,332,android.permission.ACCESS_VIBRATOR_STATE,True,True,True,1,1,29
vibrator-vibrate-internal,services/core/java/com/android/server/vibrator/VibratorManagerService.java,391,396,android.permission.VIBRATE,True,True,True,1,1,29
wallpaper-clear,services/core/java/com/android/server/wallpaper/WallpaperManagerService.java,1980,1983,android.permission.SET_WALLPAPER,True,True,True,1,1,29
wallpaper-dimension-hints,services/core/java/com/android/server/wallpaper/WallpaperManagerService.java,2141,2143,android.permission.SET_WALLPAPER_HINTS,True,True,True,1,1,29
wallpaper-display-padding,services/core/java/com/android/server/wallpaper/WallpaperManagerService.java,2232,2233,android.permission.SET_WALLPAPER_HINTS,True,True,True,1,1,29
wallpaper-lock-callback,services/core/java/com/android/server/wallpaper/WallpaperManagerService.java,2708,2713,android.permission.INTERNAL_SYSTEM_WINDOW,True,True,True,1,1,29
wallpaper-set-dim,services/core/java/com/android/server/wallpaper/WallpaperManagerService.java,2831,2832,android.permission.SET_WALLPAPER_DIM_AMOUNT,True,True,True,1,1,29
wallpaper-set,services/core/java/com/android/server/wallpaper/WallpaperManagerService.java,3009,3014,android.permission.SET_WALLPAPER,True,True,True,1,1,29
