rule_indices,least_model_mask,candidate_checks,accepted_candidates,errors
,15,16,1,0
0,15,16,1,0
1,15,16,1,0
2,15,16,1,0
3,15,16,1,0
4,15,16,1,0
5,15,16,1,0
6,15,16,1,0
7,15,16,1,0
8,15,16,1,0
9,15,16,1,0
10,15,16,1,0
11,15,16,1,0
12,15,16,1,0
13,15,16,1,0
14,15,16,1,0
15,15,16,1,0
16,15,16,1,0
17,15,16,1,0
18,15,16,1,0
19,15,16,1,0
20,15,16,1,0
21,15,16,1,0
22,15,16,1,0
23,15,16,1,0
24,15,16,1,0
25,15,16,1,0
26,15,16,1,0
27,15,16,1,0
28,15,16,1,0
29,15,16,1,0
30,15,16,1,0
31,15,16,1,0
32,15,16,1,0
33,15,16,1,0
34,15,16,1,0
35,15,16,1,0
36,15,16,1,0
37,15,16,1,0
38,15,16,1,0
39,15,16,1,0
40,15,16,1,0
41,15,16,1,0
42,15,16,1,0
43,15,16,1,0
44,15,16,1,0
45,15,16,1,0
46,15,16,1,0
47,15,16,1,0
48,15,16,1,0
49,15,16,1,0
50,15,16,1,0
51,15,16,1,0
52,15,16,1,0
53,15,16,1,0
54,15,16,1,0
55,15,16,1,0
56,15,16,1,0
57,15,16,1,0
58,15,16,1,0
59,15,16,1,0
60,15,16,1,0
61,15,16,1,0
62,15,16,1,0
63,15,16,1,0
0;1,15,16,1,0
0;2,15,16,1,0
0;3,15,16,1,0
0;4,15,16,1,0
0;5,15,16,1,0
0;6,15,16,1,0
0;7,15,16,1,0
0;8,15,16,1,0
0;9,15,16,1,0
0;10,15,16,1,0
0;11,15,16,1,0
0;12,15,16,1,0
0;13,15,16,1,0
0;14,15,16,1,0
0;15,15,16,1,0
0;16,15,16,1,0
0;17,15,16,1,0
0;18,15,16,1,0
0;19,15,16,1,0
0;20,15,16,1,0
0;21,15,16,1,0
0;22,15,16,1,0
0;23,15,16,1,0
0;24,15,16,1,0
0;25,15,16,1,0
0;26,15,16,1,0
0;27,15,16,1,0
0;28,15,16,1,0
0;29,15,16,1,0
0;30,15,16,1,0
0;31,15,16,1,0
0;32,15,16,1,0
0;33,15,16,1,0
0;34,15,16,1,0
0;35,15,16,1,0
0;36,15,16,1,0
0;37,15,16,1,0
0;38,15,16,1,0
0;39,15,16,1,0
0;40,15,16,1,0
0;41,15,16,1,0
0;42,15,16,1,0
0;43,15,16,1,0
0;44,15,16,1,0
0;45,15,16,1,0
0;46,15,16,1,0
0;47,15,16,1,0
0;48,15,16,1,0
0;49,15,16,1,0
0;50,15,16,1,0
0;51,15,16,1,0
0;52,15,16,1,0
0;53,15,16,1,0
0;54,15,16,1,0
0;55,15,16,1,0
0;56,15,16,1,0
0;57,15,16,1,0
0;58,15,16,1,0
0;59,15,16,1,0
0;60,15,16,1,0
0;61,15,16,1,0
0;62,15,16,1,0
0;63,15,16,1,0
1;2,15,16,1,0
1;3,15,16,1,0
1;4,15,16,1,0
1;5,15,16,1,0
1;6,15,16,1,0
1;7,15,16,1,0
1;8,15,16,1,0
1;9,15,16,1,0
1;10,15,16,1,0
1;11,15,16,1,0
1;12,15,16,1,0
1;13,15,16,1,0
1;14,15,16,1,0
1;15,15,16,1,0
1;16,15,16,1,0
1;17,15,16,1,0
1;18,15,16,1,0
1;19,15,16,1,0
1;20,15,16,1,0
1;21,15,16,1,0
1;22,15,16,1,0
1;23,15,16,1,0
1;24,15,16,1,0
1;25,15,16,1,0
1;26,15,16,1,0
1;27,15,16,1,0
1;28,15,16,1,0
1;29,15,16,1,0
1;30,15,16,1,0
1;31,15,16,1,0
1;32,15,16,1,0
1;33,15,16,1,0
1;34,15,16,1,0
1;35,15,16,1,0
1;36,15,16,1,0
1;37,15,16,1,0
1;38,15,16,1,0
1;39,15,16,1,0
1;40,15,16,1,0
1;41,15,16,1,0
1;42,15,16,1,0
1;43,15,16,1,0
1;44,15,16,1,0
1;45,15,16,1,0
1;46,15,16,1,0
1;47,15,16,1,0
1;48,15,16,1,0
1;49,15,16,1,0
1;50,15,16,1,0
1;51,15,16,1,0
1;52,15,16,1,0
1;53,15,16,1,0
1;54,15,16,1,0
1;55,15,16,1,0
1;56,15,16,1,0
1;57,15,16,1,0
1;58,15,16,1,0
1;59,15,16,1,0
1;60,15,16,1,0
1;61,15,16,1,0
1;62,15,16,1,0
1;63,15,16,1,0
2;3,15,16,1,0
2;4,15,16,1,0
2;5,15,16,1,0
2;6,15,16,1,0
2;7,15,16,1,0
2;8,15,16,1,0
2;9,15,16,1,0
2;10,15,16,1,0
2;11,15,16,1,0
2;12,15,16,1,0
2;13,15,16,1,0
2;14,15,16,1,0
2;15,15,16,1,0
2;16,15,16,1,0
2;17,15,16,1,0
2;18,15,16,1,0
2;19,15,16,1,0
2;20,15,16,1,0
2;21,15,16,1,0
2;22,15,16,1,0
2;23,15,16,1,0
2;24,15,16,1,0
2;25,15,16,1,0
2;26,15,16,1,0
2;27,15,16,1,0
2;28,15,16,1,0
2;29,15,16,1,0
2;30,15,16,1,0
2;31,15,16,1,0
2;32,15,16,1,0
2;33,15,16,1,0
2;34,15,16,1,0
2;35,15,16,1,0
2;36,15,16,1,0
2;37,15,16,1,0
2;38,15,16,1,0
2;39,15,16,1,0
2;40,15,16,1,0
2;41,15,16,1,0
2;42,15,16,1,0
2;43,15,16,1,0
2;44,15,16,1,0
2;45,15,16,1,0
2;46,15,16,1,0
2;47,15,16,1,0
2;48,15,16,1,0
2;49,15,16,1,0
2;50,15,16,1,0
2;51,15,16,1,0
2;52,15,16,1,0
2;53,15,16,1,0
2;54,15,16,1,0
2;55,15,16,1,0
2;56,15,16,1,0
2;57,15,16,1,0
2;58,15,16,1,0
2;59,15,16,1,0
2;60,15,16,1,0
2;61,15,16,1,0
2;62,15,16,1,0
2;63,15,16,1,0
3;4,15,16,1,0
3;5,15,16,1,0
3;6,15,16,1,0
3;7,15,16,1,0
3;8,15,16,1,0
3;9,15,16,1,0
3;10,15,16,1,0
3;11,15,16,1,0
3;12,15,16,1,0
3;13,15,16,1,0
3;14,15,16,1,0
3;15,15,16,1,0
3;16,15,16,1,0
3;17,15,16,1,0
3;18,15,16,1,0
3;19,15,16,1,0
3;20,15,16,1,0
3;21,15,16,1,0
3;22,15,16,1,0
3;23,15,16,1,0
3;24,15,16,1,0
3;25,15,16,1,0
3;26,15,16,1,0
3;27,15,16,1,0
3;28,15,16,1,0
3;29,15,16,1,0
3;30,15,16,1,0
3;31,15,16,1,0
3;32,15,16,1,0
3;33,15,16,1,0
3;34,15,16,1,0
3;35,15,16,1,0
3;36,15,16,1,0
3;37,15,16,1,0
3;38,15,16,1,0
3;39,15,16,1,0
3;40,15,16,1,0
3;41,15,16,1,0
3;42,15,16,1,0
3;43,15,16,1,0
3;44,15,16,1,0
3;45,15,16,1,0
3;46,15,16,1,0
3;47,15,16,1,0
3;48,15,16,1,0
3;49,15,16,1,0
3;50,15,16,1,0
3;51,15,16,1,0
3;52,15,16,1,0
3;53,15,16,1,0
3;54,15,16,1,0
3;55,15,16,1,0
3;56,15,16,1,0
3;57,15,16,1,0
3;58,15,16,1,0
3;59,15,16,1,0
3;60,15,16,1,0
3;61,15,16,1,0
3;62,15,16,1,0
3;63,15,16,1,0
4;5,15,16,1,0
4;6,15,16,1,0
4;7,15,16,1,0
4;8,15,16,1,0
4;9,15,16,1,0
4;10,15,16,1,0
4;11,15,16,1,0
4;12,15,16,1,0
4;13,15,16,1,0
4;14,15,16,1,0
4;15,15,16,1,0
4;16,15,16,1,0
4;17,15,16,1,0
4;18,15,16,1,0
4;19,15,16,1,0
4;20,15,16,1,0
4;21,15,16,1,0
4;22,15,16,1,0
4;23,15,16,1,0
4;24,15,16,1,0
4;25,15,16,1,0
4;26,15,16,1,0
4;27,15,16,1,0
4;28,15,16,1,0
4;29,15,16,1,0
4;30,15,16,1,0
4;31,15,16,1,0
4;32,15,16,1,0
4;33,15,16,1,0
4;34,15,16,1,0
4;35,15,16,1,0
4;36,15,16,1,0
4;37,15,16,1,0
4;38,15,16,1,0
4;39,15,16,1,0
4;40,15,16,1,0
4;41,15,16,1,0
4;42,15,16,1,0
4;43,15,16,1,0
4;44,15,16,1,0
4;45,15,16,1,0
4;46,15,16,1,0
4;47,15,16,1,0
4;48,15,16,1,0
4;49,15,16,1,0
4;50,15,16,1,0
4;51,15,16,1,0
4;52,15,16,1,0
4;53,15,16,1,0
4;54,15,16,1,0
4;55,15,16,1,0
4;56,15,16,1,0
4;57,15,16,1,0
4;58,15,16,1,0
4;59,15,16,1,0
4;60,15,16,1,0
4;61,15,16,1,0
4;62,15,16,1,0
4;63,15,16,1,0
5;6,15,16,1,0
5;7,15,16,1,0
5;8,15,16,1,0
5;9,15,16,1,0
5;10,15,16,1,0
5;11,15,16,1,0
5;12,15,16,1,0
5;13,15,16,1,0
5;14,15,16,1,0
5;15,15,16,1,0
5;16,15,16,1,0
5;17,15,16,1,0
5;18,15,16,1,0
5;19,15,16,1,0
5;20,15,16,1,0
5;21,15,16,1,0
5;22,15,16,1,0
5;23,15,16,1,0
5;24,15,16,1,0
5;25,15,16,1,0
5;26,15,16,1,0
5;27,15,16,1,0
5;28,15,16,1,0
5;29,15,16,1,0
5;30,15,16,1,0
5;31,15,16,1,0
5;32,15,16,1,0
5;33,15,16,1,0
5;34,15,16,1,0
5;35,15,16,1,0
5;36,15,16,1,0
5;37,15,16,1,0
5;38,15,16,1,0
5;39,15,16,1,0
5;40,15,16,1,0
5;41,15,16,1,0
5;42,15,16,1,0
5;43,15,16,1,0
5;44,15,16,1,0
5;45,15,16,1,0
5;46,15,16,1,0
5;47,15,16,1,0
5;48,15,16,1,0
5;49,15,16,1,0
5;50,15,16,1,0
5;51,15,16,1,0
5;52,15,16,1,0
5;53,15,16,1,0
5;54,15,16,1,0
5;55,15,16,1,0
5;56,15,16,1,0
5;57,15,16,1,0
5;58,15,16,1,0
5;59,15,16,1,0
5;60,15,16,1,0
5;61,15,16,1,0
5;62,15,16,1,0
5;63,15,16,1,0
6;7,15,16,1,0
6;8,15,16,1,0
6;9,15,16,1,0
6;10,15,16,1,0
6;11,15,16,1,0
6;12,15,16,1,0
6;13,15,16,1,0
6;14,15,16,1,0
6;15,15,16,1,0
6;16,15,16,1,0
6;17,15,16,1,0
6;18,15,16,1,0
6;19,15,16,1,0
6;20,15,16,1,0
6;21,15,16,1,0
6;22,15,16,1,0
6;23,15,16,1,0
6;24,15,16,1,0
6;25,15,16,1,0
6;26,15,16,1,0
6;27,15,16,1,0
6;28,15,16,1,0
6;29,15,16,1,0
6;30,15,16,1,0
6;31,15,16,1,0
6;32,15,16,1,0
6;33,15,16,1,0
6;34,15,16,1,0
6;35,15,16,1,0
6;36,15,16,1,0
6;37,15,16,1,0
6;38,15,16,1,0
6;39,15,16,1,0
6;40,15,16,1,0
6;41,15,16,1,0
6;42,15,16,1,0
6;43,15,16,1,0
6;44,15,16,1,0
6;45,15,16,1,0
6;46,15,16,1,0
6;47,15,16,1,0
6;48,15,16,1,0
6;49,15,16,1,0
6;50,15,16,1,0
6;51,15,16,1,0
6;52,15,16,1,0
6;53,15,16,1,0
6;54,15,16,1,0
6;55,15,16,1,0
6;56,15,16,1,0
6;57,15,16,1,0
6;58,15,16,1,0
6;59,15,16,1,0
6;60,15,16,1,0
6;61,15,16,1,0
6;62,15,16,1,0
6;63,15,16,1,0
7;8,15,16,1,0
7;9,15,16,1,0
7;10,15,16,1,0
7;11,15,16,1,0
7;12,15,16,1,0
7;13,15,16,1,0
7;14,15,16,1,0
7;15,15,16,1,0
7;16,15,16,1,0
7;17,15,16,1,0
7;18,15,16,1,0
7;19,15,16,1,0
7;20,15,16,1,0
7;21,15,16,1,0
7;22,15,16,1,0
7;23,15,16,1,0
7;24,15,16,1,0
7;25,15,16,1,0
7;26,15,16,1,0
7;27,15,16,1,0
7;28,15,16,1,0
7;29,15,16,1,0
7;30,15,16,1,0
7;31,15,16,1,0
7;32,15,16,1,0
7;33,15,16,1,0
7;34,15,16,1,0
7;35,15,16,1,0
7;36,15,16,1,0
7;37,15,16,1,0
7;38,15,16,1,0
7;39,15,16,1,0
7;40,15,16,1,0
7;41,15,16,1,0
7;42,15,16,1,0
7;43,15,16,1,0
7;44,15,16,1,0
7;45,15,16,1,0
7;46,15,16,1,0
7;47,15,16,1,0
7;48,15,16,1,0
7;49,15,16,1,0
7;50,15,16,1,0
7;51,15,16,1,0
7;52,15,16,1,0
7;53,15,16,1,0
7;54,15,16,1,0
7;55,15,16,1,0
7;56,15,16,1,0
7;57,15,16,1,0
7;58,15,16,1,0
7;59,15,16,1,0
7;60,15,16,1,0
7;61,15,16,1,0
7;62,15,16,1,0
7;63,15,16,1,0
8;9,15,16,1,0
8;10,15,16,1,0
8;11,15,16,1,0
8;12,15,16,1,0
8;13,15,16,1,0
8;14,15,16,1,0
8;15,15,16,1,0
8;16,15,16,1,0
8;17,15,16,1,0
8;18,15,16,1,0
8;19,15,16,1,0
8;20,15,16,1,0
8;21,15,16,1,0
8;22,15,16,1,0
8;23,15,16,1,0
8;24,15,16,1,0
8;25,15,16,1,0
8;26,15,16,1,0
8;27,15,16,1,0
8;28,15,16,1,0
8;29,15,16,1,0
8;30,15,16,1,0
8;31,15,16,1,0
8;32,15,16,1,0
8;33,15,16,1,0
8;34,15,16,1,0
8;35,15,16,1,0
8;36,15,16,1,0
8;37,15,16,1,0
8;38,15,16,1,0
8;39,15,16,1,0
8;40,15,16,1,0
8;41,15,16,1,0
8;42,15,16,1,0
8;43,15,16,1,0
8;44,15,16,1,0
8;45,15,16,1,0
8;46,15,16,1,0
8;47,15,16,1,0
8;48,15,16,1,0
8;49,15,16,1,0
8;50,15,16,1,0
8;51,15,16,1,0
8;52,15,16,1,0
8;53,15,16,1,0
8;54,15,16,1,0
8;55,15,16,1,0
8;56,15,16,1,0
8;57,15,16,1,0
8;58,15,16,1,0
8;59,15,16,1,0
8;60,15,16,1,0
8;61,15,16,1,0
8;62,15,16,1,0
8;63,15,16,1,0
9;10,15,16,1,0
9;11,15,16,1,0
9;12,15,16,1,0
9;13,15,16,1,0
9;14,15,16,1,0
9;15,15,16,1,0
9;16,15,16,1,0
9;17,15,16,1,0
9;18,15,16,1,0
9;19,15,16,1,0
9;20,15,16,1,0
9;21,15,16,1,0
9;22,15,16,1,0
9;23,15,16,1,0
9;24,15,16,1,0
9;25,15,16,1,0
9;26,15,16,1,0
9;27,15,16,1,0
9;28,15,16,1,0
9;29,15,16,1,0
9;30,15,16,1,0
9;31,15,16,1,0
9;32,15,16,1,0
9;33,15,16,1,0
9;34,15,16,1,0
9;35,15,16,1,0
9;36,15,16,1,0
9;37,15,16,1,0
9;38,15,16,1,0
9;39,15,16,1,0
9;40,15,16,1,0
9;41,15,16,1,0
9;42,15,16,1,0
9;43,15,16,1,0
9;44,15,16,1,0
9;45,15,16,1,0
9;46,15,16,1,0
9;47,15,16,1,0
9;48,15,16,1,0
9;49,15,16,1,0
9;50,15,16,1,0
9;51,15,16,1,0
9;52,15,16,1,0
9;53,15,16,1,0
9;54,15,16,1,0
9;55,15,16,1,0
9;56,15,16,1,0
9;57,15,16,1,0
9;58,15,16,1,0
9;59,15,16,1,0
9;60,15,16,1,0
9;61,15,16,1,0
9;62,15,16,1,0
9;63,15,16,1,0
10;11,15,16,1,0
10;12,15,16,1,0
10;13,15,16,1,0
10;14,15,16,1,0
10;15,15,16,1,0
10;16,15,16,1,0
10;17,15,16,1,0
10;18,15,16,1,0
10;19,15,16,1,0
10;20,15,16,1,0
10;21,15,16,1,0
10;22,15,16,1,0
10;23,15,16,1,0
10;24,15,16,1,0
10;25,15,16,1,0
10;26,15,16,1,0
10;27,15,16,1,0
10;28,15,16,1,0
10;29,15,16,1,0
10;30,15,16,1,0
10;31,15,16,1,0
10;32,15,16,1,0
10;33,15,16,1,0
10;34,15,16,1,0
10;35,15,16,1,0
10;36,15,16,1,0
10;37,15,16,1,0
10;38,15,16,1,0
10;39,15,16,1,0
10;40,15,16,1,0
10;41,15,16,1,0
10;42,15,16,1,0
10;43,15,16,1,0
10;44,15,16,1,0
10;45,15,16,1,0
10;46,15,16,1,0
10;47,15,16,1,0
10;48,15,16,1,0
10;49,15,16,1,0
10;50,15,16,1,0
10;51,15,16,1,0
10;52,15,16,1,0
10;53,15,16,1,0
10;54,15,16,1,0
10;55,15,16,1,0
10;56,15,16,1,0
10;57,15,16,1,0
10;58,15,16,1,0
10;59,15,16,1,0
10;60,15,16,1,0
10;61,15,16,1,0
10;62,15,16,1,0
10;63,15,16,1,0
11;12,15,16,1,0
11;13,15,16,1,0
11;14,15,16,1,0
11;15,15,16,1,0
11;16,15,16,1,0
11;17,15,16,1,0
11;18,15,16,1,0
11;19,15,16,1,0
11;20,15,16,1,0
11;21,15,16,1,0
11;22,15,16,1,0
11;23,15,16,1,0
11;24,15,16,1,0
11;25,15,16,1,0
11;26,15,16,1,0
11;27,15,16,1,0
11;28,15,16,1,0
11;29,15,16,1,0
11;30,15,16,1,0
11;31,15,16,1,0
11;32,15,16,1,0
11;33,15,16,1,0
11;34,15,16,1,0
11;35,15,16,1,0
11;36,15,16,1,0
11;37,15,16,1,0
11;38,15,16,1,0
11;39,15,16,1,0
11;40,15,16,1,0
11;41,15,16,1,0
11;42,15,16,1,0
11;43,15,16,1,0
11;44,15,16,1,0
11;45,15,16,1,0
11;46,15,16,1,0
11;47,15,16,1,0
11;48,15,16,1,0
11;49,15,16,1,0
11;50,15,16,1,0
11;51,15,16,1,0
11;52,15,16,1,0
11;53,15,16,1,0
11;54,15,16,1,0
11;55,15,16,1,0
11;56,15,16,1,0
11;57,15,16,1,0
11;58,15,16,1,0
11;59,15,16,1,0
11;60,15,16,1,0
11;61,15,16,1,0
11;62,15,16,1,0
11;63,15,16,1,0
12;13,15,16,1,0
12;14,15,16,1,0
12;15,15,16,1,0
12;16,15,16,1,0
12;17,15,16,1,0
12;18,15,16,1,0
12;19,15,16,1,0
12;20,15,16,1,0
12;21,15,16,1,0
12;22,15,16,1,0
12;23,15,16,1,0
12;24,15,16,1,0
12;25,15,16,1,0
12;26,15,16,1,0
12;27,15,16,1,0
12;28,15,16,1,0
12;29,15,16,1,0
12;30,15,16,1,0
12;31,15,16,1,0
12;32,15,16,1,0
12;33,15,16,1,0
12;34,15,16,1,0
12;35,15,16,1,0
12;36,15,16,1,0
12;37,15,16,1,0
12;38,15,16,1,0
12;39,15,16,1,0
12;40,15,16,1,0
12;41,15,16,1,0
12;42,15,16,1,0
12;43,15,16,1,0
12;44,15,16,1,0
12;45,15,16,1,0
12;46,15,16,1,0
12;47,15,16,1,0
12;48,15,16,1,0
12;49,15,16,1,0
12;50,15,16,1,0
12;51,15,16,1,0
12;52,15,16,1,0
12;53,15,16,1,0
12;54,15,16,1,0
12;55,15,16,1,0
12;56,15,16,1,0
12;57,15,16,1,0
12;58,15,16,1,0
12;59,15,16,1,0
12;60,15,16,1,0
12;61,15,16,1,0
12;62,15,16,1,0
12;63,15,16,1,0
13;14,15,16,1,0
13;15,15,16,1,0
13;16,15,16,1,0
13;17,15,16,1,0
13;18,15,16,1,0
13;19,15,16,1,0
13;20,15,16,1,0
13;21,15,16,1,0
13;22,15,16,1,0
13;23,15,16,1,0
13;24,15,16,1,0
13;25,15,16,1,0
13;26,15,16,1,0
13;27,15,16,1,0
13;28,15,16,1,0
13;29,15,16,1,0
13;30,15,16,1,0
13;31,15,16,1,0
13;32,15,16,1,0
13;33,15,16,1,0
13;34,15,16,1,0
13;35,15,16,1,0
13;36,15,16,1,0
13;37,15,16,1,0
13;38,15,16,1,0
13;39,15,16,1,0
13;40,15,16,1,0
13;41,15,16,1,0
13;42,15,16,1,0
13;43,15,16,1,0
13;44,15,16,1,0
13;45,15,16,1,0
13;46,15,16,1,0
13;47,15,16,1,0
13;48,15,16,1,0
13;49,15,16,1,0
13;50,15,16,1,0
13;51,15,16,1,0
13;52,15,16,1,0
13;53,15,16,1,0
13;54,15,16,1,0
13;55,15,16,1,0
13;56,15,16,1,0
13;57,15,16,1,0
13;58,15,16,1,0
13;59,15,16,1,0
13;60,15,16,1,0
13;61,15,16,1,0
13;62,15,16,1,0
13;63,15,16,1,0
14;15,15,16,1,0
14;16,15,16,1,0
14;17,15,16,1,0
14;18,15,16,1,0
14;19,15,16,1,0
14;20,15,16,1,0
14;21,15,16,1,0
14;22,15,16,1,0
14;23,15,16,1,0
14;24,15,16,1,0
14;25,15,16,1,0
14;26,15,16,1,0
14;27,15,16,1,0
14;28,15,16,1,0
14;29,15,16,1,0
14;30,15,16,1,0
14;31,15,16,1,0
14;32,15,16,1,0
14;33,15,16,1,0
14;34,15,16,1,0
14;35,15,16,1,0
14;36,15,16,1,0
14;37,15,16,1,0
14;38,15,16,1,0
14;39,15,16,1,0
14;40,15,16,1,0
14;41,15,16,1,0
14;42,15,16,1,0
14;43,15,16,1,0
14;44,15,16,1,0
14;45,15,16,1,0
14;46,15,16,1,0
14;47,15,16,1,0
14;48,15,16,1,0
14;49,15,16,1,0
14;50,15,16,1,0
14;51,15,16,1,0
14;52,15,16,1,0
14;53,15,16,1,0
14;54,15,16,1,0
14;55,15,16,1,0
14;56,15,16,1,0
14;57,15,16,1,0
14;58,15,16,1,0
14;59,15,16,1,0
14;60,15,16,1,0
14;61,15,16,1,0
14;62,15,16,1,0
14;63,15,16,1,0
15;16,15,16,1,0
15;17,15,16,1,0
15;18,15,16,1,0
15;19,15,16,1,0
15;20,15,16,1,0
15;21,15,16,1,0
15;22,15,16,1,0
15;23,15,16,1,0
15;24,15,16,1,0
15;25,15,16,1,0
15;26,15,16,1,0
15;27,15,16,1,0
15;28,15,16,1,0
15;29,15,16,1,0
15;30,15,16,1,0
15;31,15,16,1,0
15;32,15,16,1,0
15;33,15,16,1,0
15;34,15,16,1,0
15;35,15,16,1,0
15;36,15,16,1,0
15;37,15,16,1,0
15;38,15,16,1,0
15;39,15,16,1,0
15;40,15,16,1,0
15;41,15,16,1,0
15;42,15,16,1,0
15;43,15,16,1,0
15;44,15,16,1,0
15;45,15,16,1,0
15;46,15,16,1,0
15;47,15,16,1,0
15;48,15,16,1,0
15;49,15,16,1,0
15;50,15,16,1,0
15;51,15,16,1,0
15;52,15,16,1,0
15;53,15,16,1,0
15;54,15,16,1,0
15;55,15,16,1,0
15;56,15,16,1,0
15;57,15,16,1,0
15;58,15,16,1,0
15;59,15,16,1,0
15;60,15,16,1,0
15;61,15,16,1,0
15;62,15,16,1,0
15;63,15,16,1,0
16;17,15,16,1,0
16;18,15,16,1,0
16;19,15,16,1,0
16;20,15,16,1,0
16;21,15,16,1,0
16;22,15,16,1,0
16;23,15,16,1,0
16;24,15,16,1,0
16;25,15,16,1,0
16;26,15,16,1,0
16;27,15,16,1,0
16;28,15,16,1,0
16;29,15,16,1,0
16;30,15,16,1,0
16;31,15,16,1,0
16;32,15,16,1,0
16;33,15,16,1,0
16;34,15,16,1,0
16;35,15,16,1,0
16;36,15,16,1,0
16;37,15,16,1,0
16;38,15,16,1,0
16;39,15,16,1,0
16;40,15,16,1,0
16;41,15,16,1,0
16;42,15,16,1,0
16;43,15,16,1,0
16;44,15,16,1,0
16;45,15,16,1,0
16;46,15,16,1,0
16;47,15,16,1,0
16;48,15,16,1,0
16;49,15,16,1,0
16;50,15,16,1,0
16;51,15,16,1,0
16;52,15,16,1,0
16;53,15,16,1,0
16;54,15,16,1,0
16;55,15,16,1,0
16;56,15,16,1,0
16;57,15,16,1,0
16;58,15,16,1,0
16;59,15,16,1,0
16;60,15,16,1,0
16;61,15,16,1,0
16;62,15,16,1,0
16;63,15,16,1,0
17;18,15,16,1,0
17;19,15,16,1,0
17;20,15,16,1,0
17;21,15,16,1,0
17;22,15,16,1,0
17;23,15,16,1,0
17;24,15,16,1,0
17;25,15,16,1,0
17;26,15,16,1,0
17;27,15,16,1,0
17;28,15,16,1,0
17;29,15,16,1,0
17;30,15,16,1,0
17;31,15,16,1,0
17;32,15,16,1,0
17;33,15,16,1,0
17;34,15,16,1,0
17;35,15,16,1,0
17;36,15,16,1,0
17;37,15,16,1,0
17;38,15,16,1,0
17;39,15,16,1,0
17;40,15,16,1,0
17;41,15,16,1,0
17;42,15,16,1,0
17;43,15,16,1,0
17;44,15,16,1,0
17;45,15,16,1,0
17;46,15,16,1,0
17;47,15,16,1,0
17;48,15,16,1,0
17;49,15,16,1,0
17;50,15,16,1,0
17;51,15,16,1,0
17;52,15,16,1,0
17;53,15,16,1,0
17;54,15,16,1,0
17;55,15,16,1,0
17;56,15,16,1,0
17;57,15,16,1,0
17;58,15,16,1,0
17;59,15,16,1,0
17;60,15,16,1,0
17;61,15,16,1,0
17;62,15,16,1,0
17;63,15,16,1,0
18;19,15,16,1,0
18;20,15,16,1,0
18;21,15,16,1,0
18;22,15,16,1,0
18;23,15,16,1,0
18;24,15,16,1,0
18;25,15,16,1,0
18;26,15,16,1,0
18;27,15,16,1,0
18;28,15,16,1,0
18;29,15,16,1,0
18;30,15,16,1,0
18;31,15,16,1,0
18;32,15,16,1,0
18;33,15,16,1,0
18;34,15,16,1,0
18;35,15,16,1,0
18;36,15,16,1,0
18;37,15,16,1,0
18;38,15,16,1,0
18;39,15,16,1,0
18;40,15,16,1,0
18;41,15,16,1,0
18;42,15,16,1,0
18;43,15,16,1,0
18;44,15,16,1,0
18;45,15,16,1,0
18;46,15,16,1,0
18;47,15,16,1,0
18;48,15,16,1,0
18;49,15,16,1,0
18;50,15,16,1,0
18;51,15,16,1,0
18;52,15,16,1,0
18;53,15,16,1,0
18;54,15,16,1,0
18;55,15,16,1,0
18;56,15,16,1,0
18;57,15,16,1,0
18;58,15,16,1,0
18;59,15,16,1,0
18;60,15,16,1,0
18;61,15,16,1,0
18;62,15,16,1,0
18;63,15,16,1,0
19;20,15,16,1,0
19;21,15,16,1,0
19;22,15,16,1,0
19;23,15,16,1,0
19;24,15,16,1,0
19;25,15,16,1,0
19;26,15,16,1,0
19;27,15,16,1,0
19;28,15,16,1,0
19;29,15,16,1,0
19;30,15,16,1,0
19;31,15,16,1,0
19;32,15,16,1,0
19;33,15,16,1,0
19;34,15,16,1,0
19;35,15,16,1,0
19;36,15,16,1,0
19;37,15,16,1,0
19;38,15,16,1,0
19;39,15,16,1,0
19;40,15,16,1,0
19;41,15,16,1,0
19;42,15,16,1,0
19;43,15,16,1,0
19;44,15,16,1,0
19;45,15,16,1,0
19;46,15,16,1,0
19;47,15,16,1,0
19;48,15,16,1,0
19;49,15,16,1,0
19;50,15,16,1,0
19;51,15,16,1,0
19;52,15,16,1,0
19;53,15,16,1,0
19;54,15,16,1,0
19;55,15,16,1,0
19;56,15,16,1,0
19;57,15,16,1,0
19;58,15,16,1,0
19;59,15,16,1,0
19;60,15,16,1,0
19;61,15,16,1,0
19;62,15,16,1,0
19;63,15,16,1,0
20;21,15,16,1,0
20;22,15,16,1,0
20;23,15,16,1,0
20;24,15,16,1,0
20;25,15,16,1,0
20;26,15,16,1,0
20;27,15,16,1,0
20;28,15,16,1,0
20;29,15,16,1,0
20;30,15,16,1,0
20;31,15,16,1,0
20;32,15,16,1,0
20;33,15,16,1,0
20;34,15,16,1,0
20;35,15,16,1,0
20;36,15,16,1,0
20;37,15,16,1,0
20;38,15,16,1,0
20;39,15,16,1,0
20;40,15,16,1,0
20;41,15,16,1,0
20;42,15,16,1,0
20;43,15,16,1,0
20;44,15,16,1,0
20;45,15,16,1,0
20;46,15,16,1,0
20;47,15,16,1,0
20;48,15,16,1,0
20;49,15,16,1,0
20;50,15,16,1,0
20;51,15,16,1,0
20;52,15,16,1,0
20;53,15,16,1,0
20;54,15,16,1,0
20;55,15,16,1,0
20;56,15,16,1,0
20;57,15,16,1,0
20;58,15,16,1,0
20;59,15,16,1,0
20;60,15,16,1,0
20;61,15,16,1,0
20;62,15,16,1,0
20;63,15,16,1,0
21;22,15,16,1,0
21;23,15,16,1,0
21;24,15,16,1,0
21;25,15,16,1,0
21;26,15,16,1,0
21;27,15,16,1,0
21;28,15,16,1,0
21;29,15,16,1,0
21;30,15,16,1,0
21;31,15,16,1,0
21;32,15,16,1,0
21;33,15,16,1,0
21;34,15,16,1,0
21;35,15,16,1,0
21;36,15,16,1,0
21;37,15,16,1,0
21;38,15,16,1,0
21;39,15,16,1,0
21;40,15,16,1,0
21;41,15,16,1,0
21;42,15,16,1,0
21;43,15,16,1,0
21;44,15,16,1,0
21;45,15,16,1,0
21;46,15,16,1,0
21;47,15,16,1,0
21;48,15,16,1,0
21;49,15,16,1,0
21;50,15,16,1,0
21;51,15,16,1,0
21;52,15,16,1,0
21;53,15,16,1,0
21;54,15,16,1,0
21;55,15,16,1,0
21;56,15,16,1,0
21;57,15,16,1,0
21;58,15,16,1,0
21;59,15,16,1,0
21;60,15,16,1,0
21;61,15,16,1,0
21;62,15,16,1,0
21;63,15,16,1,0
22;23,15,16,1,0
22;24,15,16,1,0
22;25,15,16,1,0
22;26,15,16,1,0
22;27,15,16,1,0
22;28,15,16,1,0
22;29,15,16,1,0
22;30,15,16,1,0
22;31,15,16,1,0
22;32,15,16,1,0
22;33,15,16,1,0
22;34,15,16,1,0
22;35,15,16,1,0
22;36,15,16,1,0
22;37,15,16,1,0
22;38,15,16,1,0
22;39,15,16,1,0
22;40,15,16,1,0
22;41,15,16,1,0
22;42,15,16,1,0
22;43,15,16,1,0
22;44,15,16,1,0
22;45,15,16,1,0
22;46,15,16,1,0
22;47,15,16,1,0
22;48,15,16,1,0
22;49,15,16,1,0
22;50,15,16,1,0
22;51,15,16,1,0
22;52,15,16,1,0
22;53,15,16,1,0
22;54,15,16,1,0
22;55,15,16,1,0
22;56,15,16,1,0
22;57,15,16,1,0
22;58,15,16,1,0
22;59,15,16,1,0
22;60,15,16,1,0
22;61,15,16,1,0
22;62,15,16,1,0
22;63,15,16,1,0
23;24,15,16,1,0
23;25,15,16,1,0
23;26,15,16,1,0
23;27,15,16,1,0
23;28,15,16,1,0
23;29,15,16,1,0
23;30,15,16,1,0
23;31,15,16,1,0
23;32,15,16,1,0
23;33,15,16,1,0
23;34,15,16,1,0
23;35,15,16,1,0
23;36,15,16,1,0
23;37,15,16,1,0
23;38,15,16,1,0
23;39,15,16,1,0
23;40,15,16,1,0
23;41,15,16,1,0
23;42,15,16,1,0
23;43,15,16,1,0
23;44,15,16,1,0
23;45,15,16,1,0
23;46,15,16,1,0
23;47,15,16,1,0
23;48,15,16,1,0
23;49,15,16,1,0
23;50,15,16,1,0
23;51,15,16,1,0
23;52,15,16,1,0
23;53,15,16,1,0
23;54,15,16,1,0
23;55,15,16,1,0
23;56,15,16,1,0
23;57,15,16,1,0
23;58,15,16,1,0
23;59,15,16,1,0
23;60,15,16,1,0
23;61,15,16,1,0
23;62,15,16,1,0
23;63,15,16,1,0
24;25,15,16,1,0
24;26,15,16,1,0
24;27,15,16,1,0
24;28,15,16,1,0
24;29,15,16,1,0
24;30,15,16,1,0
24;31,15,16,1,0
24;32,15,16,1,0
24;33,15,16,1,0
24;34,15,16,1,0
24;35,15,16,1,0
24;36,15,16,1,0
24;37,15,16,1,0
24;38,15,16,1,0
24;39,15,16,1,0
24;40,15,16,1,0
24;41,15,16,1,0
24;42,15,16,1,0
24;43,15,16,1,0
24;44,15,16,1,0
24;45,15,16,1,0
24;46,15,16,1,0
24;47,15,16,1,0
24;48,15,16,1,0
24;49,15,16,1,0
24;50,15,16,1,0
24;51,15,16,1,0
24;52,15,16,1,0
24;53,15,16,1,0
24;54,15,16,1,0
24;55,15,16,1,0
24;56,15,16,1,0
24;57,15,16,1,0
24;58,15,16,1,0
24;59,15,16,1,0
24;60,15,16,1,0
24;61,15,16,1,0
24;62,15,16,1,0
24;63,15,16,1,0
25;26,15,16,1,0
25;27,15,16,1,0
25;28,15,16,1,0
25;29,15,16,1,0
25;30,15,16,1,0
25;31,15,16,1,0
25;32,15,16,1,0
25;33,15,16,1,0
25;34,15,16,1,0
25;35,15,16,1,0
25;36,15,16,1,0
25;37,15,16,1,0
25;38,15,16,1,0
25;39,15,16,1,0
25;40,15,16,1,0
25;41,15,16,1,0
25;42,15,16,1,0
25;43,15,16,1,0
25;44,15,16,1,0
25;45,15,16,1,0
25;46,15,16,1,0
25;47,15,16,1,0
25;48,15,16,1,0
25;49,15,16,1,0
25;50,15,16,1,0
25;51,15,16,1,0
25;52,15,16,1,0
25;53,15,16,1,0
25;54,15,16,1,0
25;55,15,16,1,0
25;56,15,16,1,0
25;57,15,16,1,0
25;58,15,16,1,0
25;59,15,16,1,0
25;60,15,16,1,0
25;61,15,16,1,0
25;62,15,16,1,0
25;63,15,16,1,0
26;27,15,16,1,0
26;28,15,16,1,0
26;29,15,16,1,0
26;30,15,16,1,0
26;31,15,16,1,0
26;32,15,16,1,0
26;33,15,16,1,0
26;34,15,16,1,0
26;35,15,16,1,0
26;36,15,16,1,0
26;37,15,16,1,0
26;38,15,16,1,0
26;39,15,16,1,0
26;40,15,16,1,0
26;41,15,16,1,0
26;42,15,16,1,0
26;43,15,16,1,0
26;44,15,16,1,0
26;45,15,16,1,0
26;46,15,16,1,0
26;47,15,16,1,0
26;48,15,16,1,0
26;49,15,16,1,0
26;50,15,16,1,0
26;51,15,16,1,0
26;52,15,16,1,0
26;53,15,16,1,0
26;54,15,16,1,0
26;55,15,16,1,0
26;56,15,16,1,0
26;57,15,16,1,0
26;58,15,16,1,0
26;59,15,16,1,0
26;60,15,16,1,0
26;61,15,16,1,0
26;62,15,16,1,0
26;63,15,16,1,0
27;28,15,16,1,0
27;29,15,16,1,0
27;30,15,16,1,0
27;31,15,16,1,0
27;32,15,16,1,0
27;33,15,16,1,0
27;34,15,16,1,0
27;35,15,16,1,0
27;36,15,16,1,0
27;37,15,16,1,0
27;38,15,16,1,0
27;39,15,16,1,0
27;40,15,16,1,0
27;41,15,16,1,0
27;42,15,16,1,0
27;43,15,16,1,0
27;44,15,16,1,0
27;45,15,16,1,0
27;46,15,16,1,0
27;47,15,16,1,0
27;48,15,16,1,0
27;49,15,16,1,0
27;50,15,16,1,0
27;51,15,16,1,0
27;52,15,16,1,0
27;53,15,16,1,0
27;54,15,16,1,0
27;55,15,16,1,0
27;56,15,16,1,0
27;57,15,16,1,0
27;58,15,16,1,0
27;59,15,16,1,0
27;60,15,16,1,0
27;61,15,16,1,0
27;62,15,16,1,0
27;63,15,16,1,0
28;29,15,16,1,0
28;30,15,16,1,0
28;31,15,16,1,0
28;32,15,16,1,0
28;33,15,16,1,0
28;34,15,16,1,0
28;35,15,16,1,0
28;36,15,16,1,0
28;37,15,16,1,0
28;38,15,16,1,0
28;39,15,16,1,0
28;40,15,16,1,0
28;41,15,16,1,0
28;42,15,16,1,0
28;43,15,16,1,0
28;44,15,16,1,0
28;45,15,16,1,0
28;46,15,16,1,0
28;47,15,16,1,0
28;48,15,16,1,0
28;49,15,16,1,0
28;50,15,16,1,0
28;51,15,16,1,0
28;52,15,16,1,0
28;53,15,16,1,0
28;54,15,16,1,0
28;55,15,16,1,0
28;56,15,16,1,0
28;57,15,16,1,0
28;58,15,16,1,0
28;59,15,16,1,0
28;60,15,16,1,0
28;61,15,16,1,0
28;62,15,16,1,0
28;63,15,16,1,0
29;30,15,16,1,0
29;31,15,16,1,0
29;32,15,16,1,0
29;33,15,16,1,0
29;34,15,16,1,0
29;35,15,16,1,0
29;36,15,16,1,0
29;37,15,16,1,0
29;38,15,16,1,0
29;39,15,16,1,0
29;40,15,16,1,0
29;41,15,16,1,0
29;42,15,16,1,0
29;43,15,16,1,0
29;44,15,16,1,0
29;45,15,16,1,0
29;46,15,16,1,0
29;47,15,16,1,0
29;48,15,16,1,0
29;49,15,16,1,0
29;50,15,16,1,0
29;51,15,16,1,0
29;52,15,16,1,0
29;53,15,16,1,0
29;54,15,16,1,0
29;55,15,16,1,0
29;56,15,16,1,0
29;57,15,16,1,0
29;58,15,16,1,0
29;59,15,16,1,0
29;60,15,16,1,0
29;61,15,16,1,0
29;62,15,16,1,0
29;63,15,16,1,0
30;31,15,16,1,0
30;32,15,16,1,0
30;33,15,16,1,0
30;34,15,16,1,0
30;35,15,16,1,0
30;36,15,16,1,0
30;37,15,16,1,0
30;38,15,16,1,0
30;39,15,16,1,0
30;40,15,16,1,0
30;41,15,16,1,0
30;42,15,16,1,0
30;43,15,16,1,0
30;44,15,16,1,0
30;45,15,16,1,0
30;46,15,16,1,0
30;47,15,16,1,0
30;48,15,16,1,0
30;49,15,16,1,0
30;50,15,16,1,0
30;51,15,16,1,0
30;52,15,16,1,0
30;53,15,16,1,0
30;54,15,16,1,0
30;55,15,16,1,0
30;56,15,16,1,0
30;57,15,16,1,0
30;58,15,16,1,0
30;59,15,16,1,0
30;60,15,16,1,0
30;61,15,16,1,0
30;62,15,16,1,0
30;63,15,16,1,0
31;32,15,16,1,0
31;33,15,16,1,0
31;34,15,16,1,0
31;35,15,16,1,0
31;36,15,16,1,0
31;37,15,16,1,0
31;38,15,16,1,0
31;39,15,16,1,0
31;40,15,16,1,0
31;41,15,16,1,0
31;42,15,16,1,0
31;43,15,16,1,0
31;44,15,16,1,0
31;45,15,16,1,0
31;46,15,16,1,0
31;47,15,16,1,0
31;48,15,16,1,0
31;49,15,16,1,0
31;50,15,16,1,0
31;51,15,16,1,0
31;52,15,16,1,0
31;53,15,16,1,0
31;54,15,16,1,0
31;55,15,16,1,0
31;56,15,16,1,0
31;57,15,16,1,0
31;58,15,16,1,0
31;59,15,16,1,0
31;60,15,16,1,0
31;61,15,16,1,0
31;62,15,16,1,0
31;63,15,16,1,0
32;33,15,16,1,0
32;34,15,16,1,0
32;35,15,16,1,0
32;36,15,16,1,0
32;37,15,16,1,0
32;38,15,16,1,0
32;39,15,16,1,0
32;40,15,16,1,0
32;41,15,16,1,0
32;42,15,16,1,0
32;43,15,16,1,0
32;44,15,16,1,0
32;45,15,16,1,0
32;46,15,16,1,0
32;47,15,16,1,0
32;48,15,16,1,0
32;49,15,16,1,0
32;50,15,16,1,0
32;51,15,16,1,0
32;52,15,16,1,0
32;53,15,16,1,0
32;54,15,16,1,0
32;55,15,16,1,0
32;56,15,16,1,0
32;57,15,16,1,0
32;58,15,16,1,0
32;59,15,16,1,0
32;60,15,16,1,0
32;61,15,16,1,0
32;62,15,16,1,0
32;63,15,16,1,0
33;34,15,16,1,0
33;35,15,16,1,0
33;36,15,16,1,0
33;37,15,16,1,0
33;38,15,16,1,0
33;39,15,16,1,0
33;40,15,16,1,0
33;41,15,16,1,0
33;42,15,16,1,0
33;43,15,16,1,0
33;44,15,16,1,0
33;45,15,16,1,0
33;46,15,16,1,0
33;47,15,16,1,0
33;48,15,16,1,0
33;49,15,16,1,0
33;50,15,16,1,0
33;51,15,16,1,0
33;52,15,16,1,0
33;53,15,16,1,0
33;54,15,16,1,0
33;55,15,16,1,0
33;56,15,16,1,0
33;57,15,16,1,0
33;58,15,16,1,0
33;59,15,16,1,0
33;60,15,16,1,0
33;61,15,16,1,0
33;62,15,16,1,0
33;63,15,16,1,0
34;35,15,16,1,0
34;36,15,16,1,0
34;37,15,16,1,0
34;38,15,16,1,0
34;39,15,16,1,0
34;40,15,16,1,0
34;41,15,16,1,0
34;42,15,16,1,0
34;43,15,16,1,0
34;44,15,16,1,0
34;45,15,16,1,0
34;46,15,16,1,0
34;47,15,16,1,0
34;48,15,16,1,0
34;49,15,16,1,0
34;50,15,16,1,0
34;51,15,16,1,0
34;52,15,16,1,0
34;53,15,16,1,0
34;54,15,16,1,0
34;55,15,16,1,0
34;56,15,16,1,0
34;57,15,16,1,0
34;58,15,16,1,0
34;59,15,16,1,0
34;60,15,16,1,0
34;61,15,16,1,0
34;62,15,16,1,0
34;63,15,16,1,0
35;36,15,16,1,0
35;37,15,16,1,0
35;38,15,16,1,0
35;39,15,16,1,0
35;40,15,16,1,0
35;41,15,16,1,0
35;42,15,16,1,0
35;43,15,16,1,0
35;44,15,16,1,0
35;45,15,16,1,0
35;46,15,16,1,0
35;47,15,16,1,0
35;48,15,16,1,0
35;49,15,16,1,0
35;50,15,16,1,0
35;51,15,16,1,0
35;52,15,16,1,0
35;53,15,16,1,0
35;54,15,16,1,0
35;55,15,16,1,0
35;56,15,16,1,0
35;57,15,16,1,0
35;58,15,16,1,0
35;59,15,16,1,0
35;60,15,16,1,0
35;61,15,16,1,0
35;62,15,16,1,0
35;63,15,16,1,0
36;37,15,16,1,0
36;38,15,16,1,0
36;39,15,16,1,0
36;40,15,16,1,0
36;41,15,16,1,0
36;42,15,16,1,0
36;43,15,16,1,0
36;44,15,16,1,0
36;45,15,16,1,0
36;46,15,16,1,0
36;47,15,16,1,0
36;48,15,16,1,0
36;49,15,16,1,0
36;50,15,16,1,0
36;51,15,16,1,0
36;52,15,16,1,0
36;53,15,16,1,0
36;54,15,16,1,0
36;55,15,16,1,0
36;56,15,16,1,0
36;57,15,16,1,0
36;58,15,16,1,0
36;59,15,16,1,0
36;60,15,16,1,0
36;61,15,16,1,0
36;62,15,16,1,0
36;63,15,16,1,0
37;38,15,16,1,0
37;39,15,16,1,0
37;40,15,16,1,0
37;41,15,16,1,0
37;42,15,16,1,0
37;43,15,16,1,0
37;44,15,16,1,0
37;45,15,16,1,0
37;46,15,16,1,0
37;47,15,16,1,0
37;48,15,16,1,0
37;49,15,16,1,0
37;50,15,16,1,0
37;51,15,16,1,0
37;52,15,16,1,0
37;53,15,16,1,0
37;54,15,16,1,0
37;55,15,16,1,0
37;56,15,16,1,0
37;57,15,16,1,0
37;58,15,16,1,0
37;59,15,16,1,0
37;60,15,16,1,0
37;61,15,16,1,0
37;62,15,16,1,0
37;63,15,16,1,0
38;39,15,16,1,0
38;40,15,16,1,0
38;41,15,16,1,0
38;42,15,16,1,0
38;43,15,16,1,0
38;44,15,16,1,0
38;45,15,16,1,0
38;46,15,16,1,0
38;47,15,16,1,0
38;48,15,16,1,0
38;49,15,16,1,0
38;50,15,16,1,0
38;51,15,16,1,0
38;52,15,16,1,0
38;53,15,16,1,0
38;54,15,16,1,0
38;55,15,16,1,0
38;56,15,16,1,0
38;57,15,16,1,0
38;58,15,16,1,0
38;59,15,16,1,0
38;60,15,16,1,0
38;61,15,16,1,0
38;62,15,16,1,0
38;63,15,16,1,0
39;40,15,16,1,0
39;41,15,16,1,0
39;42,15,16,1,0
39;43,15,16,1,0
39;44,15,16,1,0
39;45,15,16,1,0
39;46,15,16,1,0
39;47,15,16,1,0
39;48,15,16,1,0
39;49,15,16,1,0
39;50,15,16,1,0
39;51,15,16,1,0
39;52,15,16,1,0
39;53,15,16,1,0
39;54,15,16,1,0
39;55,15,16,1,0
39;56,15,16,1,0
39;57,15,16,1,0
39;58,15,16,1,0
39;59,15,16,1,0
39;60,15,16,1,0
39;61,15,16,1,0
39;62,15,16,1,0
39;63,15,16,1,0
40;41,15,16,1,0
40;42,15,16,1,0
40;43,15,16,1,0
40;44,15,16,1,0
40;45,15,16,1,0
40;46,15,16,1,0
40;47,15,16,1,0
40;48,15,16,1,0
40;49,15,16,1,0
40;50,15,16,1,0
40;51,15,16,1,0
40;52,15,16,1,0
40;53,15,16,1,0
40;54,15,16,1,0
40;55,15,16,1,0
40;56,15,16,1,0
40;57,15,16,1,0
40;58,15,16,1,0
40;59,15,16,1,0
40;60,15,16,1,0
40;61,15,16,1,0
40;62,15,16,1,0
40;63,15,16,1,0
41;42,15,16,1,0
41;43,15,16,1,0
41;44,15,16,1,0
41;45,15,16,1,0
41;46,15,16,1,0
41;47,15,16,1,0
41;48,15,16,1,0
41;49,15,16,1,0
41;50,15,16,1,0
41;51,15,16,1,0
41;52,15,16,1,0
41;53,15,16,1,0
41;54,15,16,1,0
41;55,15,16,1,0
41;56,15,16,1,0
41;57,15,16,1,0
41;58,15,16,1,0
41;59,15,16,1,0
41;60,15,16,1,0
41;61,15,16,1,0
41;62,15,16,1,0
41;63,15,16,1,0
42;43,15,16,1,0
42;44,15,16,1,0
42;45,15,16,1,0
42;46,15,16,1,0
42;47,15,16,1,0
42;48,15,16,1,0
42;49,15,16,1,0
42;50,15,16,1,0
42;51,15,16,1,0
42;52,15,16,1,0
42;53,15,16,1,0
42;54,15,16,1,0
42;55,15,16,1,0
42;56,15,16,1,0
42;57,15,16,1,0
42;58,15,16,1,0
42;59,15,16,1,0
42;60,15,16,1,0
42;61,15,16,1,0
42;62,15,16,1,0
42;63,15,16,1,0
43;44,15,16,1,0
43;45,15,16,1,0
43;46,15,16,1,0
43;47,15,16,1,0
43;48,15,16,1,0
43;49,15,16,1,0
43;50,15,16,1,0
43;51,15,16,1,0
43;52,15,16,1,0
43;53,15,16,1,0
43;54,15,16,1,0
43;55,15,16,1,0
43;56,15,16,1,0
43;57,15,16,1,0
43;58,15,16,1,0
43;59,15,16,1,0
43;60,15,16,1,0
43;61,15,16,1,0
43;62,15,16,1,0
43;63,15,16,1,0
44;45,15,16,1,0
44;46,15,16,1,0
44;47,15,16,1,0
44;48,15,16,1,0
44;49,15,16,1,0
44;50,15,16,1,0
44;51,15,16,1,0
44;52,15,16,1,0
44;53,15,16,1,0
44;54,15,16,1,0
44;55,15,16,1,0
44;56,15,16,1,0
44;57,15,16,1,0
44;58,15,16,1,0
44;59,15,16,1,0
44;60,15,16,1,0
44;61,15,16,1,0
44;62,15,16,1,0
44;63,15,16,1,0
45;46,15,16,1,0
45;47,15,16,1,0
45;48,15,16,1,0
45;49,15,16,1,0
45;50,15,16,1,0
45;51,15,16,1,0
45;52,15,16,1,0
45;53,15,16,1,0
45;54,15,16,1,0
45;55,15,16,1,0
45;56,15,16,1,0
45;57,15,16,1,0
45;58,15,16,1,0
45;59,15,16,1,0
45;60,15,16,1,0
45;61,15,16,1,0
45;62,15,16,1,0
45;63,15,16,1,0
46;47,15,16,1,0
46;48,15,16,1,0
46;49,15,16,1,0
46;50,15,16,1,0
46;51,15,16,1,0
46;52,15,16,1,0
46;53,15,16,1,0
46;54,15,16,1,0
46;55,15,16,1,0
46;56,15,16,1,0
46;57,15,16,1,0
46;58,15,16,1,0
46;59,15,16,1,0
46;60,15,16,1,0
46;61,15,16,1,0
46;62,15,16,1,0
46;63,15,16,1,0
47;48,15,16,1,0
47;49,15,16,1,0
47;50,15,16,1,0
47;51,15,16,1,0
47;52,15,16,1,0
47;53,15,16,1,0
47;54,15,16,1,0
47;55,15,16,1,0
47;56,15,16,1,0
47;57,15,16,1,0
47;58,15,16,1,0
47;59,15,16,1,0
47;60,15,16,1,0
47;61,15,16,1,0
47;62,15,16,1,0
47;63,15,16,1,0
48;49,15,16,1,0
48;50,15,16,1,0
48;51,15,16,1,0
48;52,15,16,1,0
48;53,15,16,1,0
48;54,15,16,1,0
48;55,15,16,1,0
48;56,15,16,1,0
48;57,15,16,1,0
48;58,15,16,1,0
48;59,15,16,1,0
48;60,15,16,1,0
48;61,15,16,1,0
48;62,15,16,1,0
48;63,15,16,1,0
49;50,15,16,1,0
49;51,15,16,1,0
49;52,15,16,1,0
49;53,15,16,1,0
49;54,15,16,1,0
49;55,15,16,1,0
49;56,15,16,1,0
49;57,15,16,1,0
49;58,15,16,1,0
49;59,15,16,1,0
49;60,15,16,1,0
49;61,15,16,1,0
49;62,15,16,1,0
49;63,15,16,1,0
50;51,15,16,1,0
50;52,15,16,1,0
50;53,15,16,1,0
50;54,15,16,1,0
50;55,15,16,1,0
50;56,15,16,1,0
50;57,15,16,1,0
50;58,15,16,1,0
50;59,15,16,1,0
50;60,15,16,1,0
50;61,15,16,1,0
50;62,15,16,1,0
50;63,15,16,1,0
51;52,15,16,1,0
51;53,15,16,1,0
51;54,15,16,1,0
51;55,15,16,1,0
51;56,15,16,1,0
51;57,15,16,1,0
51;58,15,16,1,0
51;59,15,16,1,0
51;60,15,16,1,0
51;61,15,16,1,0
51;62,15,16,1,0
51;63,15,16,1,0
52;53,15,16,1,0
52;54,15,16,1,0
52;55,15,16,1,0
52;56,15,16,1,0
52;57,15,16,1,0
52;58,15,16,1,0
52;59,15,16,1,0
52;60,15,16,1,0
52;61,15,16,1,0
52;62,15,16,1,0
52;63,15,16,1,0
53;54,15,16,1,0
53;55,15,16,1,0
53;56,15,16,1,0
53;57,15,16,1,0
53;58,15,16,1,0
53;59,15,16,1,0
53;60,15,16,1,0
53;61,15,16,1,0
53;62,15,16,1,0
53;63,15,16,1,0
54;55,15,16,1,0
54;56,15,16,1,0
54;57,15,16,1,0
54;58,15,16,1,0
54;59,15,16,1,0
54;60,15,16,1,0
54;61,15,16,1,0
54;62,15,16,1,0
54;63,15,16,1,0
55;56,15,16,1,0
55;57,15,16,1,0
55;58,15,16,1,0
55;59,15,16,1,0
55;60,15,16,1,0
55;61,15,16,1,0
55;62,15,16,1,0
55;63,15,16,1,0
56;57,15,16,1,0
56;58,15,16,1,0
56;59,15,16,1,0
56;60,15,16,1,0
56;61,15,16,1,0
56;62,15,16,1,0
56;63,15,16,1,0
57;58,15,16,1,0
57;59,15,16,1,0
57;60,15,16,1,0
57;61,15,16,1,0
57;62,15,16,1,0
57;63,15,16,1,0
58;59,15,16,1,0
58;60,15,16,1,0
58;61,15,16,1,0
58;62,15,16,1,0
58;63,15,16,1,0
59;60,15,16,1,0
59;61,15,16,1,0
59;62,15,16,1,0
59;63,15,16,1,0
60;61,15,16,1,0
60;62,15,16,1,0
60;63,15,16,1,0
61;62,15,16,1,0
61;63,15,16,1,0
62;63,15,16,1,0
